timestamp;[Degree minutes][][40941];
2025-11-09T23:00:38+00:00;-118;
2025-11-09T23:04:38+00:00;-131;
2025-11-09T23:23:37+00:00;-221;
2025-11-09T23:37:58+00:00;-267;
2025-11-09T23:48:58+00:00;-284;
2025-11-10T00:04:59+00:00;-286;
2025-11-10T00:16:57+00:00;-286;
2025-11-10T00:16:58+00:00;-271;
2025-11-10T00:29:18+00:00;-271;
2025-11-10T00:29:19+00:00;-244;
2025-11-10T00:43:18+00:00;-244;
2025-11-10T00:43:19+00:00;-210;
2025-11-10T00:59:18+00:00;-210;
2025-11-10T00:59:19+00:00;-163;
2025-11-10T01:11:18+00:00;-163;
2025-11-10T01:11:19+00:00;-138;
2025-11-10T01:23:18+00:00;-138;
2025-11-10T01:23:19+00:00;-121;
2025-11-10T01:31:40+00:00;-117;
2025-11-10T01:54:40+00:00;-115;
2025-11-10T02:02:40+00:00;-117;
2025-11-10T02:18:40+00:00;-127;
2025-11-10T02:26:40+00:00;-134;
2025-11-10T02:50:01+00:00;-154;
2025-11-10T03:05:01+00:00;-172;
2025-11-10T03:16:01+00:00;-183;
2025-11-10T03:30:22+00:00;-191;
2025-11-10T03:38:22+00:00;-199;
2025-11-10T03:52:22+00:00;-206;
2025-11-10T04:29:43+00:00;-218;
2025-11-10T04:44:42+00:00;-218;
2025-11-10T04:44:43+00:00;-196;
2025-11-10T04:49:42+00:00;-196;
2025-11-10T04:49:43+00:00;-178;
2025-11-10T05:11:42+00:00;-178;
2025-11-10T05:11:43+00:00;-82;
2025-11-10T05:16:42+00:00;-82;
2025-11-10T05:16:43+00:00;-57;
2025-11-10T05:38:03+00:00;-57;
2025-11-10T05:38:04+00:00;100;
2025-11-10T08:14:23+00:00;-16;
2025-11-10T08:27:22+00:00;-16;
2025-11-10T08:27:23+00:00;4;
2025-11-10T08:37:22+00:00;4;
2025-11-10T08:37:23+00:00;16;
2025-11-10T09:01:22+00:00;16;
2025-11-10T09:01:23+00:00;42;
2025-11-10T09:14:43+00:00;45;
2025-11-10T09:29:41+00:00;45;
2025-11-10T09:29:42+00:00;57;
2025-11-10T09:44:41+00:00;57;
2025-11-10T09:44:42+00:00;66;
2025-11-10T09:51:42+00:00;55;
2025-11-10T10:12:03+00:00;9;
2025-11-10T10:17:03+00:00;-1;
2025-11-10T10:32:03+00:00;-7;
2025-11-10T10:45:03+00:00;-35;
2025-11-10T10:58:03+00:00;-73;
2025-11-10T11:15:24+00:00;-127;
2025-11-10T11:29:24+00:00;-174;
2025-11-10T11:38:24+00:00;-211;
2025-11-10T11:51:24+00:00;-230;
2025-11-10T12:03:23+00:00;-230;
2025-11-10T12:03:24+00:00;-222;
2025-11-10T12:16:44+00:00;-222;
2025-11-10T12:16:45+00:00;-182;
2025-11-10T12:36:44+00:00;-182;
2025-11-10T12:36:45+00:00;-93;
2025-11-10T12:54:43+00:00;-93;
2025-11-10T12:54:44+00:00;2;
2025-11-10T13:19:06+00:00;2;
2025-11-10T13:19:07+00:00;8;
2025-11-10T13:44:06+00:00;7;
2025-11-10T13:57:05+00:00;7;
2025-11-10T13:57:06+00:00;50;
2025-11-10T14:22:28+00:00;38;
2025-11-10T14:26:27+00:00;38;
2025-11-10T14:26:28+00:00;61;
2025-11-10T14:44:27+00:00;54;
2025-11-10T15:04:27+00:00;54;
2025-11-10T15:04:28+00:00;100;
2025-11-10T15:17:49+00:00;98;
2025-11-10T15:42:48+00:00;78;
2025-11-10T15:44:48+00:00;77;
2025-11-10T16:10:09+00:00;77;
2025-11-10T16:10:10+00:00;100;
2025-11-10T16:45:09+00:00;100;
2025-11-10T17:23:30+00:00;90;
2025-11-10T17:31:30+00:00;79;
2025-11-10T17:50:30+00:00;-50;
2025-11-10T18:04:31+00:00;-161;
2025-11-10T18:09:50+00:00;-200;
2025-11-10T19:31:11+00:00;-220;
2025-11-10T19:40:10+00:00;-254;
2025-11-10T19:56:10+00:00;-277;
2025-11-10T20:07:30+00:00;-277;
2025-11-10T20:07:31+00:00;-270;
2025-11-10T20:29:30+00:00;-270;
2025-11-10T20:29:31+00:00;-211;
2025-11-10T20:39:30+00:00;-211;
2025-11-10T20:39:31+00:00;-192;
2025-11-10T20:47:30+00:00;-192;
2025-11-10T20:47:31+00:00;-184;
2025-11-10T21:02:30+00:00;-184;
2025-11-10T21:02:31+00:00;-177;
2025-11-10T21:15:52+00:00;-185;
2025-11-10T21:33:52+00:00;-225;
2025-11-10T21:45:51+00:00;-236;
2025-11-10T21:57:51+00:00;-236;
2025-11-10T22:08:12+00:00;-236;
2025-11-10T22:08:13+00:00;-226;
2025-11-10T22:28:12+00:00;-226;
2025-11-10T22:28:13+00:00;-202;
2025-11-10T22:45:11+00:00;-202;
2025-11-10T22:45:12+00:00;-194;
2025-11-10T22:58:12+00:00;-206;
2025-11-10T23:03:33+00:00;-206;
2025-11-10T23:03:34+00:00;-198;
2025-11-10T23:16:33+00:00;-198;
2025-11-10T23:16:34+00:00;-139;
2025-11-10T23:31:32+00:00;-139;
2025-11-10T23:31:33+00:00;-101;
2025-11-10T23:44:32+00:00;-101;
2025-11-10T23:44:33+00:00;-82;
2025-11-10T23:59:32+00:00;-82;
2025-11-10T23:59:33+00:00;-76;
2025-11-11T00:15:55+00:00;-87;
2025-11-11T00:20:55+00:00;-97;
2025-11-11T00:41:54+00:00;-152;
2025-11-11T00:56:54+00:00;-183;
2025-11-11T01:08:16+00:00;-194;
2025-11-11T01:28:15+00:00;-191;
2025-11-11T01:41:15+00:00;-194;
2025-11-11T01:45:15+00:00;-195;
2025-11-11T01:58:15+00:00;-205;
2025-11-11T02:18:36+00:00;-215;
2025-11-11T02:26:36+00:00;-216;
2025-11-11T02:47:35+00:00;-216;
2025-11-11T02:47:36+00:00;-209;
2025-11-11T02:53:36+00:00;-210;
2025-11-11T03:08:58+00:00;-220;
2025-11-11T03:29:57+00:00;-231;
2025-11-11T03:44:56+00:00;-231;
2025-11-11T03:44:57+00:00;-220;
2025-11-11T03:57:56+00:00;-220;
2025-11-11T03:57:57+00:00;-206;
2025-11-11T04:18:18+00:00;-205;
2025-11-11T04:39:18+00:00;-286;
2025-11-11T04:52:18+00:00;-372;
2025-11-11T05:03:39+00:00;-385;
2025-11-11T05:15:38+00:00;-385;
2025-11-11T05:15:39+00:00;-352;
2025-11-11T05:31:38+00:00;-352;
2025-11-11T05:31:39+00:00;-264;
2025-11-11T05:46:38+00:00;-264;
2025-11-11T05:46:39+00:00;-143;
2025-11-11T05:49:38+00:00;-143;
2025-11-11T05:49:39+00:00;30;
2025-11-11T06:05:59+00:00;30;
2025-11-11T06:06:00+00:00;100;
2025-11-11T06:22:00+00:00;79;
2025-11-11T06:42:00+00:00;-2;
2025-11-11T06:58:59+00:00;-91;
2025-11-11T07:14:21+00:00;-164;
2025-11-11T07:24:21+00:00;-210;
2025-11-11T07:35:20+00:00;-209;
2025-11-11T07:55:19+00:00;-209;
2025-11-11T07:55:20+00:00;-171;
2025-11-11T08:01:41+00:00;-171;
2025-11-11T08:01:42+00:00;-158;
2025-11-11T08:16:41+00:00;-158;
2025-11-11T08:16:42+00:00;-109;
2025-11-11T08:33:40+00:00;-109;
2025-11-11T08:33:41+00:00;-64;
2025-11-11T08:48:40+00:00;-64;
2025-11-11T08:48:41+00:00;-25;
2025-11-11T08:51:41+00:00;-22;
2025-11-11T09:04:03+00:00;-66;
2025-11-11T09:25:02+00:00;-107;
2025-11-11T09:39:02+00:00;-125;
2025-11-11T09:56:02+00:00;-141;
2025-11-11T10:09:24+00:00;-148;
2025-11-11T10:16:23+00:00;-147;
2025-11-11T10:30:22+00:00;-147;
2025-11-11T10:30:23+00:00;-132;
2025-11-11T10:45:22+00:00;-132;
2025-11-11T10:45:23+00:00;-119;
2025-11-11T11:02:44+00:00;-119;
2025-11-11T11:02:45+00:00;-108;
2025-11-11T11:15:43+00:00;-108;
2025-11-11T11:15:44+00:00;-86;
2025-11-11T11:21:43+00:00;-86;
2025-11-11T11:21:44+00:00;-71;
2025-11-11T11:44:43+00:00;-71;
2025-11-11T11:44:44+00:00;-11;
2025-11-11T11:48:43+00:00;-11;
2025-11-11T11:48:44+00:00;1;
2025-11-11T12:17:04+00:00;1;
2025-11-11T12:17:05+00:00;19;
2025-11-11T12:34:05+00:00;6;
2025-11-11T12:46:05+00:00;0;
2025-11-11T13:06:26+00:00;2;
2025-11-11T13:29:26+00:00;-12;
2025-11-11T13:34:25+00:00;-12;
2025-11-11T13:34:26+00:00;-3;
2025-11-11T13:55:25+00:00;-3;
2025-11-11T13:55:26+00:00;27;
2025-11-11T14:27:46+00:00;27;
2025-11-11T14:27:47+00:00;42;
2025-11-11T14:50:45+00:00;42;
2025-11-11T14:50:46+00:00;97;
2025-11-11T15:46:07+00:00;100;
2025-11-11T15:56:07+00:00;87;
2025-11-11T16:14:29+00:00;68;
2025-11-11T16:35:27+00:00;68;
2025-11-11T16:35:28+00:00;97;
2025-11-11T16:45:28+00:00;98;
2025-11-11T16:56:52+00:00;80;
2025-11-11T17:15:50+00:00;62;
2025-11-11T17:31:49+00:00;12;
2025-11-11T17:44:49+00:00;-22;
2025-11-11T18:02:11+00:00;-136;
2025-11-11T18:05:11+00:00;-161;
2025-11-11T18:29:10+00:00;-301;
2025-11-11T19:32:31+00:00;-305;
2025-11-11T19:48:31+00:00;-428;
2025-11-11T20:02:52+00:00;-501;
2025-11-11T20:15:52+00:00;-529;
2025-11-11T20:31:52+00:00;-526;
2025-11-11T20:44:52+00:00;-556;
2025-11-11T20:57:11+00:00;-556;
2025-11-11T20:57:12+00:00;-530;
2025-11-11T21:08:12+00:00;-530;
2025-11-11T21:08:13+00:00;-482;
2025-11-11T21:23:12+00:00;-482;
2025-11-11T21:23:13+00:00;-391;
2025-11-11T21:33:12+00:00;-391;
2025-11-11T21:33:13+00:00;-366;
2025-11-11T21:55:32+00:00;-366;
2025-11-11T21:55:33+00:00;-215;
2025-11-11T22:10:33+00:00;-215;
2025-11-11T22:10:34+00:00;-96;
2025-11-11T22:24:33+00:00;-96;
2025-11-11T22:24:34+00:00;8;
2025-11-11T22:34:33+00:00;8;
2025-11-11T22:34:34+00:00;35;
2025-11-11T22:41:33+00:00;35;
2025-11-11T22:41:34+00:00;41;
2025-11-11T22:59:54+00:00;23;
2025-11-11T23:12:54+00:00;23;
2025-11-11T23:12:55+00:00;100;
2025-11-12T02:07:58+00:00;98;
2025-11-12T02:29:57+00:00;88;
2025-11-12T02:34:57+00:00;80;
2025-11-12T03:00:19+00:00;29;
2025-11-12T03:08:19+00:00;7;
2025-11-12T03:22:18+00:00;-42;
2025-11-12T03:33:18+00:00;-85;
2025-11-12T03:54:39+00:00;-183;
2025-11-12T03:59:39+00:00;-206;
2025-11-12T04:31:39+00:00;-201;
2025-11-12T04:41:38+00:00;-201;
2025-11-12T04:41:39+00:00;-189;
2025-11-12T04:57:59+00:00;-189;
2025-11-12T04:58:00+00:00;-165;
2025-11-12T05:11:59+00:00;-165;
2025-11-12T05:12:00+00:00;-149;
2025-11-12T05:21:59+00:00;-149;
2025-11-12T05:22:00+00:00;-140;
2025-11-12T05:44:59+00:00;-140;
2025-11-12T05:45:00+00:00;-122;
2025-11-12T05:50:00+00:00;-117;
2025-11-12T06:11:20+00:00;-117;
2025-11-12T06:11:21+00:00;-98;
2025-11-12T06:26:20+00:00;-98;
2025-11-12T06:26:21+00:00;-81;
2025-11-12T06:36:20+00:00;-81;
2025-11-12T06:36:21+00:00;-62;
2025-11-12T06:54:40+00:00;-62;
2025-11-12T06:54:41+00:00;-15;
2025-11-12T07:01:41+00:00;-15;
2025-11-12T07:01:42+00:00;3;
2025-11-12T07:14:42+00:00;2;
2025-11-12T07:27:42+00:00;-14;
2025-11-12T07:42:42+00:00;-43;
2025-11-12T07:56:02+00:00;-79;
2025-11-12T08:11:03+00:00;-116;
2025-11-12T08:21:03+00:00;-143;
2025-11-12T08:41:02+00:00;-203;
2025-11-12T08:55:23+00:00;-212;
2025-11-12T09:09:23+00:00;-212;
2025-11-12T09:09:24+00:00;-205;
2025-11-12T09:19:23+00:00;-205;
2025-11-12T09:19:24+00:00;-190;
2025-11-12T09:33:22+00:00;-190;
2025-11-12T09:33:23+00:00;-159;
2025-11-12T09:51:43+00:00;-159;
2025-11-12T09:51:44+00:00;-113;
2025-11-12T09:59:43+00:00;-113;
2025-11-12T09:59:44+00:00;-90;
2025-11-12T10:18:44+00:00;-90;
2025-11-12T10:18:45+00:00;-36;
2025-11-12T10:31:43+00:00;-36;
2025-11-12T10:31:44+00:00;5;
2025-11-12T10:40:43+00:00;5;
2025-11-12T10:40:44+00:00;14;
2025-11-12T10:53:06+00:00;8;
2025-11-12T11:08:07+00:00;-12;
2025-11-12T11:20:06+00:00;-34;
2025-11-12T11:30:06+00:00;-56;
2025-11-12T11:50:27+00:00;-100;
2025-11-12T12:01:27+00:00;-126;
2025-11-12T12:22:27+00:00;-181;
2025-11-12T12:31:27+00:00;-205;
2025-11-12T12:43:27+00:00;-208;
2025-11-12T13:00:47+00:00;-208;
2025-11-12T13:00:48+00:00;-188;
2025-11-12T13:11:47+00:00;-188;
2025-11-12T13:11:48+00:00;-154;
2025-11-12T13:20:47+00:00;-154;
2025-11-12T13:20:48+00:00;-120;
2025-11-12T13:42:47+00:00;-120;
2025-11-12T13:42:48+00:00;-22;
2025-11-12T13:47:46+00:00;-22;
2025-11-12T13:47:47+00:00;2;
2025-11-12T14:35:08+00:00;2;
2025-11-12T14:35:09+00:00;29;
2025-11-12T14:52:29+00:00;29;
2025-11-12T15:08:30+00:00;25;
2025-11-12T15:31:29+00:00;15;
2025-11-12T15:42:29+00:00;13;
2025-11-12T15:51:50+00:00;8;
2025-11-12T16:04:51+00:00;7;
2025-11-12T16:24:50+00:00;1;
2025-11-12T16:34:50+00:00;4;
2025-11-12T16:59:11+00:00;3;
2025-11-12T17:39:11+00:00;-7;
2025-11-12T17:42:10+00:00;-7;
2025-11-12T17:42:11+00:00;1;
2025-11-12T17:59:32+00:00;-8;
2025-11-12T18:20:32+00:00;-14;
2025-11-12T18:23:31+00:00;-14;
2025-11-12T18:23:32+00:00;4;
2025-11-12T18:44:32+00:00;-9;
2025-11-12T18:50:53+00:00;-24;
2025-11-12T19:13:53+00:00;-86;
2025-11-12T19:27:53+00:00;-162;
2025-11-12T19:33:53+00:00;-201;
2025-11-12T20:07:14+00:00;-212;
2025-11-12T20:23:14+00:00;-255;
2025-11-12T20:37:14+00:00;-267;
2025-11-12T20:51:33+00:00;-267;
2025-11-12T20:51:34+00:00;-259;
2025-11-12T21:02:34+00:00;-259;
2025-11-12T21:02:35+00:00;-244;
2025-11-12T21:25:34+00:00;-244;
2025-11-12T21:25:35+00:00;-198;
2025-11-12T21:32:34+00:00;-198;
2025-11-12T21:32:35+00:00;-188;
2025-11-12T21:46:54+00:00;-188;
2025-11-12T21:46:55+00:00;-175;
2025-11-12T21:59:54+00:00;-175;
2025-11-12T21:59:55+00:00;-166;
2025-11-12T22:12:55+00:00;-166;
2025-11-12T22:12:56+00:00;-160;
2025-11-12T22:30:54+00:00;-160;
2025-11-12T22:30:55+00:00;-138;
2025-11-12T22:44:54+00:00;-138;
2025-11-12T22:44:55+00:00;-123;
2025-11-12T23:00:16+00:00;-123;
2025-11-12T23:00:17+00:00;-108;
2025-11-12T23:07:16+00:00;-108;
2025-11-12T23:07:17+00:00;-93;
2025-11-12T23:15:16+00:00;-93;
2025-11-12T23:15:17+00:00;-72;
2025-11-12T23:41:15+00:00;-72;
2025-11-12T23:41:16+00:00;0;
2025-11-12T23:51:36+00:00;0;
2025-11-12T23:51:37+00:00;13;
2025-11-13T00:02:38+00:00;13;
2025-11-13T00:16:37+00:00;-1;
2025-11-13T00:30:37+00:00;-27;
2025-11-13T00:47:58+00:00;-71;
2025-11-13T01:01:58+00:00;-116;
2025-11-13T01:17:58+00:00;-175;
2025-11-13T01:25:58+00:00;-204;
2025-11-13T01:39:58+00:00;-229;
2025-11-13T01:54:19+00:00;-238;
2025-11-13T02:04:19+00:00;-235;
2025-11-13T02:14:18+00:00;-235;
2025-11-13T02:14:19+00:00;-226;
2025-11-13T02:37:18+00:00;-226;
2025-11-13T02:37:19+00:00;-198;
2025-11-13T02:49:39+00:00;-198;
2025-11-13T02:49:40+00:00;-183;
2025-11-13T03:06:39+00:00;-183;
2025-11-13T03:06:40+00:00;-163;
2025-11-13T03:15:39+00:00;-163;
2025-11-13T03:15:40+00:00;-152;
2025-11-13T03:31:39+00:00;-152;
2025-11-13T03:31:40+00:00;-129;
2025-11-13T03:47:59+00:00;-129;
2025-11-13T03:48:00+00:00;-100;
2025-11-13T03:59:59+00:00;-100;
2025-11-13T04:00:00+00:00;-77;
2025-11-13T04:29:00+00:00;-77;
2025-11-13T04:29:01+00:00;-65;
2025-11-13T04:44:23+00:00;-65;
2025-11-13T04:44:24+00:00;-44;
2025-11-13T05:06:21+00:00;-44;
2025-11-13T05:06:22+00:00;1;
2025-11-13T05:16:21+00:00;1;
2025-11-13T05:16:22+00:00;7;
2025-11-13T05:22:22+00:00;5;
2025-11-13T05:43:21+00:00;-12;
2025-11-13T05:59:42+00:00;-18;
2025-11-13T06:14:42+00:00;-18;
2025-11-13T06:14:43+00:00;1;
2025-11-13T06:20:42+00:00;1;
2025-11-13T06:20:43+00:00;14;
2025-11-13T06:33:42+00:00;14;
2025-11-13T06:33:43+00:00;44;
2025-11-13T06:56:02+00:00;44;
2025-11-13T06:56:03+00:00;92;
2025-11-13T09:20:58+00:00;0;
2025-11-13T10:12:08+00:00;0;
2025-11-13T10:12:09+00:00;35;
2025-11-13T10:21:29+00:00;34;
2025-11-13T10:45:28+00:00;9;
2025-11-13T10:58:28+00:00;4;
2025-11-13T11:11:29+00:00;-3;
2025-11-13T11:24:50+00:00;-19;
2025-11-13T11:32:50+00:00;-35;
2025-11-13T11:43:49+00:00;-64;
2025-11-13T11:54:49+00:00;-94;
2025-11-13T12:12:50+00:00;-150;
2025-11-13T12:29:10+00:00;-208;
2025-11-13T12:42:10+00:00;-218;
2025-11-13T12:53:09+00:00;-218;
2025-11-13T12:53:10+00:00;-204;
2025-11-13T13:05:10+00:00;-204;
2025-11-13T13:05:11+00:00;-170;
2025-11-13T13:20:30+00:00;-170;
2025-11-13T13:20:31+00:00;-113;
2025-11-13T13:39:30+00:00;-113;
2025-11-13T13:39:31+00:00;-24;
2025-11-13T13:51:30+00:00;-24;
2025-11-13T13:51:31+00:00;21;
2025-11-13T13:59:30+00:00;21;
2025-11-13T13:59:31+00:00;29;
2025-11-13T14:28:52+00:00;26;
2025-11-13T14:45:52+00:00;28;
2025-11-13T15:02:52+00:00;-40;
2025-11-13T15:19:15+00:00;-115;
2025-11-13T15:35:13+00:00;-195;
2025-11-13T15:45:12+00:00;-218;
2025-11-13T15:58:11+00:00;-218;
2025-11-13T15:58:12+00:00;-207;
2025-11-13T16:06:12+00:00;-207;
2025-11-13T16:06:13+00:00;-187;
2025-11-13T16:26:32+00:00;-187;
2025-11-13T16:26:33+00:00;-116;
2025-11-13T16:49:32+00:00;-116;
2025-11-13T16:49:33+00:00;-92;
2025-11-13T17:13:33+00:00;-92;
2025-11-13T17:13:34+00:00;-33;
2025-11-13T17:51:52+00:00;-33;
2025-11-13T17:51:53+00:00;3;
2025-11-13T18:01:54+00:00;-2;
2025-11-13T18:19:15+00:00;-31;
2025-11-13T18:30:14+00:00;-56;
2025-11-13T18:45:14+00:00;-98;
2025-11-13T18:55:14+00:00;-130;
2025-11-13T19:15:15+00:00;-204;
2025-11-13T19:23:35+00:00;-213;
2025-11-13T19:37:35+00:00;-211;
2025-11-13T19:45:34+00:00;-211;
2025-11-13T19:45:35+00:00;-204;
2025-11-13T20:02:35+00:00;-204;
2025-11-13T20:02:36+00:00;-182;
2025-11-13T20:16:35+00:00;-180;
2025-11-13T20:33:55+00:00;-182;
2025-11-13T20:57:55+00:00;-180;
2025-11-13T21:10:55+00:00;-180;
2025-11-13T21:10:56+00:00;-171;
2025-11-13T21:15:56+00:00;-167;
2025-11-13T21:31:15+00:00;-167;
2025-11-13T21:31:16+00:00;-155;
2025-11-13T21:42:15+00:00;-155;
2025-11-13T21:42:16+00:00;-144;
2025-11-13T22:02:16+00:00;-144;
2025-11-13T22:02:17+00:00;-128;
2025-11-13T22:16:36+00:00;-128;
2025-11-13T22:16:37+00:00;-109;
2025-11-13T22:24:36+00:00;-109;
2025-11-13T22:24:37+00:00;-99;
2025-11-13T22:43:36+00:00;-99;
2025-11-13T22:43:37+00:00;-81;
2025-11-13T22:57:36+00:00;-81;
2025-11-13T22:57:37+00:00;-72;
2025-11-13T23:03:38+00:00;-73;
2025-11-13T23:16:58+00:00;-91;
2025-11-13T23:27:57+00:00;-108;
2025-11-13T23:52:57+00:00;-148;
2025-11-14T00:05:58+00:00;-169;
2025-11-14T00:10:58+00:00;-194;
2025-11-14T00:28:18+00:00;-353;
2025-11-14T00:44:17+00:00;-492;
2025-11-14T00:54:17+00:00;-566;
2025-11-14T01:09:18+00:00;-662;
2025-11-14T01:15:39+00:00;-701;
2025-11-14T01:33:38+00:00;-777;
2025-11-14T01:42:38+00:00;-850;
2025-11-14T01:58:38+00:00;-921;
2025-11-14T02:12:39+00:00;-958;
2025-11-14T02:25:59+00:00;-982;
2025-11-14T02:42:59+00:00;-1004;
2025-11-14T02:49:59+00:00;-1042;
2025-11-14T03:06:59+00:00;-1068;
2025-11-14T03:21:20+00:00;-1065;
2025-11-14T03:45:19+00:00;-1065;
2025-11-14T03:45:20+00:00;-1028;
2025-11-14T03:49:19+00:00;-1028;
2025-11-14T03:49:20+00:00;-1020;
2025-11-14T04:27:41+00:00;-1043;
2025-11-14T04:38:40+00:00;-1043;
2025-11-14T04:38:41+00:00;-1036;
2025-11-14T04:48:39+00:00;-1036;
2025-11-14T04:48:40+00:00;-1016;
2025-11-14T05:02:40+00:00;-1016;
2025-11-14T05:02:41+00:00;-965;
2025-11-14T05:24:01+00:00;-965;
2025-11-14T05:24:02+00:00;-928;
2025-11-14T05:37:00+00:00;-928;
2025-11-14T05:37:01+00:00;12;
2025-11-14T06:33:21+00:00;12;
2025-11-14T06:33:22+00:00;100;
2025-11-14T09:38:25+00:00;100;
2025-11-14T09:59:24+00:00;88;
2025-11-14T10:15:46+00:00;61;
2025-11-14T10:25:46+00:00;50;
2025-11-14T10:43:45+00:00;24;
2025-11-14T10:48:45+00:00;14;
2025-11-14T11:10:46+00:00;-42;
2025-11-14T11:16:07+00:00;-54;
2025-11-14T11:38:06+00:00;-128;
2025-11-14T11:51:06+00:00;-175;
2025-11-14T12:00:06+00:00;-206;
2025-11-14T12:13:26+00:00;-206;
2025-11-14T12:13:27+00:00;-189;
2025-11-14T12:26:26+00:00;-189;
2025-11-14T12:26:27+00:00;-143;
2025-11-14T12:46:26+00:00;-143;
2025-11-14T12:46:27+00:00;-45;
2025-11-14T12:52:26+00:00;-45;
2025-11-14T12:52:27+00:00;1;
2025-11-14T13:46:45+00:00;1;
2025-11-14T13:46:46+00:00;30;
2025-11-14T13:54:46+00:00;33;
2025-11-14T14:27:07+00:00;22;
2025-11-14T14:30:06+00:00;22;
2025-11-14T14:30:07+00:00;43;
2025-11-14T14:56:07+00:00;33;
2025-11-14T15:06:07+00:00;22;
2025-11-14T15:17:28+00:00;0;
2025-11-14T15:33:28+00:00;-54;
2025-11-14T15:45:27+00:00;-109;
2025-11-14T16:00:28+00:00;-194;
2025-11-14T16:09:28+00:00;-222;
2025-11-14T16:25:49+00:00;-370;
2025-11-14T16:39:48+00:00;-469;
2025-11-14T16:51:48+00:00;-532;
2025-11-14T17:06:49+00:00;-584;
2025-11-14T17:21:09+00:00;-606;
2025-11-14T19:01:30+00:00;-634;
2025-11-14T19:09:50+00:00;-681;
2025-11-14T19:25:50+00:00;-756;
2025-11-14T19:36:50+00:00;-777;
2025-11-14T19:51:49+00:00;-777;
2025-11-14T19:51:50+00:00;-771;
2025-11-14T20:02:49+00:00;-771;
2025-11-14T20:02:50+00:00;-753;
2025-11-14T20:24:10+00:00;-753;
2025-11-14T20:24:11+00:00;-687;
2025-11-14T20:33:11+00:00;-690;
2025-11-14T20:45:09+00:00;-690;
2025-11-14T20:45:10+00:00;-657;
2025-11-14T20:57:09+00:00;-657;
2025-11-14T20:57:10+00:00;-608;
2025-11-14T21:10:31+00:00;-608;
2025-11-14T21:10:32+00:00;-537;
2025-11-14T21:31:30+00:00;-537;
2025-11-14T21:31:31+00:00;-398;
2025-11-14T21:42:30+00:00;-398;
2025-11-14T21:42:31+00:00;-353;
2025-11-14T21:53:30+00:00;-353;
2025-11-14T21:53:31+00:00;-282;
2025-11-14T22:07:31+00:00;-282;
2025-11-14T22:07:32+00:00;-182;
2025-11-14T22:18:51+00:00;-182;
2025-11-14T22:18:52+00:00;-92;
2025-11-14T22:32:51+00:00;-92;
2025-11-14T22:32:52+00:00;8;
2025-11-14T22:44:51+00:00;8;
2025-11-14T22:44:52+00:00;32;
2025-11-14T22:56:52+00:00;22;
2025-11-14T23:09:13+00:00;-6;
2025-11-14T23:23:13+00:00;-61;
2025-11-14T23:46:12+00:00;-187;
2025-11-14T23:53:12+00:00;-221;
2025-11-15T00:07:34+00:00;-239;
2025-11-15T00:17:34+00:00;-239;
2025-11-15T00:34:32+00:00;-239;
2025-11-15T00:34:33+00:00;-227;
2025-11-15T00:42:32+00:00;-227;
2025-11-15T00:42:33+00:00;-218;
2025-11-15T01:06:33+00:00;-218;
2025-11-15T01:06:34+00:00;-191;
2025-11-15T01:15:53+00:00;-191;
2025-11-15T01:15:54+00:00;-182;
2025-11-15T01:29:53+00:00;-182;
2025-11-15T01:29:54+00:00;-175;
2025-11-15T01:41:54+00:00;-177;
2025-11-15T02:00:55+00:00;-190;
2025-11-15T02:13:15+00:00;-200;
2025-11-15T02:25:15+00:00;-212;
2025-11-15T02:34:15+00:00;-216;
2025-11-15T02:56:15+00:00;-218;
2025-11-15T03:12:36+00:00;-225;
2025-11-15T03:22:36+00:00;-226;
2025-11-15T03:29:36+00:00;-225;
2025-11-15T04:20:57+00:00;-224;
2025-11-15T04:31:56+00:00;-244;
2025-11-15T04:46:56+00:00;-257;
2025-11-15T04:58:56+00:00;-327;
2025-11-15T05:13:18+00:00;-350;
2025-11-15T05:28:17+00:00;-351;
2025-11-15T05:41:16+00:00;-351;
2025-11-15T05:41:17+00:00;-337;
2025-11-15T05:51:16+00:00;-337;
2025-11-15T05:51:17+00:00;-320;
2025-11-15T06:11:37+00:00;-320;
2025-11-15T06:11:38+00:00;-267;
2025-11-15T06:21:38+00:00;-280;
2025-11-15T07:19:58+00:00;-280;
2025-11-15T07:19:59+00:00;-273;
2025-11-15T08:10:20+00:00;-345;
2025-11-15T08:22:20+00:00;-346;
2025-11-15T08:41:18+00:00;-346;
2025-11-15T08:41:19+00:00;-304;
2025-11-15T08:53:19+00:00;-300;
2025-11-15T09:03:19+00:00;-300;
2025-11-15T09:03:20+00:00;-278;
2025-11-15T09:13:40+00:00;-278;
2025-11-15T09:13:41+00:00;-243;
2025-11-15T09:32:39+00:00;-243;
2025-11-15T09:32:40+00:00;-174;
2025-11-15T09:46:39+00:00;-174;
2025-11-15T09:46:40+00:00;-118;
2025-11-15T09:58:39+00:00;-118;
2025-11-15T09:58:40+00:00;-74;
2025-11-15T10:16:00+00:00;-74;
2025-11-15T10:16:01+00:00;-23;
2025-11-15T10:41:00+00:00;-23;
2025-11-15T10:41:01+00:00;15;
2025-11-15T10:52:01+00:00;-3;
2025-11-15T11:05:22+00:00;-41;
2025-11-15T11:16:22+00:00;-82;
2025-11-15T11:37:22+00:00;-174;
2025-11-15T11:44:21+00:00;-206;
2025-11-15T11:58:21+00:00;-226;
2025-11-15T12:12:43+00:00;-223;
2025-11-15T12:29:41+00:00;-223;
2025-11-15T12:29:42+00:00;-204;
2025-11-15T12:35:41+00:00;-204;
2025-11-15T12:35:42+00:00;-194;
2025-11-15T12:52:41+00:00;-194;
2025-11-15T12:52:42+00:00;-158;
2025-11-15T13:05:02+00:00;-158;
2025-11-15T13:05:03+00:00;-125;
2025-11-15T13:25:02+00:00;-125;
2025-11-15T13:25:03+00:00;-61;
2025-11-15T13:38:02+00:00;-61;
2025-11-15T13:38:03+00:00;-23;
2025-11-15T14:35:23+00:00;-23;
2025-11-15T14:35:24+00:00;8;
2025-11-15T14:45:24+00:00;-58;
2025-11-15T15:04:45+00:00;-215;
2025-11-15T15:20:45+00:00;-293;
2025-11-15T15:32:45+00:00;-338;
2025-11-15T15:44:44+00:00;-370;
2025-11-15T15:59:44+00:00;-389;
2025-11-15T16:12:06+00:00;-389;
2025-11-15T16:23:04+00:00;-389;
2025-11-15T16:23:05+00:00;-373;
2025-11-15T16:35:04+00:00;-373;
2025-11-15T16:35:05+00:00;-345;
2025-11-15T16:55:04+00:00;-345;
2025-11-15T16:55:05+00:00;-271;
2025-11-15T17:05:26+00:00;-271;
2025-11-15T17:05:27+00:00;-233;
2025-11-15T17:13:26+00:00;-234;
2025-11-15T17:26:25+00:00;-234;
2025-11-15T17:26:26+00:00;-210;
2025-11-15T17:44:25+00:00;-210;
2025-11-15T17:44:26+00:00;-162;
2025-11-15T18:01:46+00:00;-162;
2025-11-15T18:01:47+00:00;-133;
2025-11-15T18:13:47+00:00;-128;
2025-11-15T18:25:47+00:00;-131;
2025-11-15T18:33:47+00:00;-138;
2025-11-15T18:52:46+00:00;-161;
2025-11-15T19:13:08+00:00;-183;
2025-11-15T19:24:08+00:00;-191;
2025-11-15T19:40:07+00:00;-195;
2025-11-15T19:54:07+00:00;-199;
2025-11-15T20:03:29+00:00;-200;
2025-11-15T20:15:28+00:00;-228;
2025-11-15T20:39:27+00:00;-228;
2025-11-15T20:39:28+00:00;-219;
2025-11-15T20:53:28+00:00;-216;
2025-11-15T21:04:48+00:00;-216;
2025-11-15T21:04:49+00:00;-210;
2025-11-15T21:17:48+00:00;-210;
2025-11-15T21:41:47+00:00;-210;
2025-11-15T21:41:48+00:00;-201;
2025-11-15T21:54:47+00:00;-201;
2025-11-15T21:54:48+00:00;-190;
2025-11-15T22:02:09+00:00;-189;
2025-11-15T22:16:09+00:00;-194;
2025-11-15T22:42:09+00:00;-197;
2025-11-15T22:56:08+00:00;-212;
2025-11-15T23:01:30+00:00;-220;
2025-11-15T23:15:30+00:00;-278;
2025-11-15T23:35:30+00:00;-345;
2025-11-15T23:39:30+00:00;-356;
2025-11-15T23:52:29+00:00;-450;
2025-11-16T00:05:50+00:00;-491;
2025-11-16T00:24:50+00:00;-492;
2025-11-16T00:35:49+00:00;-492;
2025-11-16T00:35:50+00:00;-476;
2025-11-16T00:57:48+00:00;-476;
2025-11-16T00:57:49+00:00;-413;
2025-11-16T01:07:11+00:00;-423;
2025-11-16T01:18:10+00:00;-423;
2025-11-16T01:18:11+00:00;-408;
2025-11-16T01:33:10+00:00;-408;
2025-11-16T01:33:11+00:00;-365;
2025-11-16T01:53:09+00:00;-365;
2025-11-16T01:53:10+00:00;-293;
2025-11-16T01:58:09+00:00;-293;
2025-11-16T01:58:10+00:00;-275;
2025-11-16T02:16:31+00:00;-275;
2025-11-16T02:16:32+00:00;-215;
2025-11-16T02:28:30+00:00;-215;
2025-11-16T02:28:31+00:00;-186;
2025-11-16T02:40:30+00:00;-186;
2025-11-16T02:40:31+00:00;-165;
2025-11-16T02:55:30+00:00;-165;
2025-11-16T02:55:31+00:00;-150;
2025-11-16T03:09:52+00:00;-147;
2025-11-16T03:20:52+00:00;-152;
2025-11-16T03:40:52+00:00;-172;
2025-11-16T03:55:52+00:00;-192;
2025-11-16T04:33:13+00:00;-188;
2025-11-16T04:45:13+00:00;-228;
2025-11-16T04:59:33+00:00;-263;
2025-11-16T05:11:34+00:00;-281;
2025-11-16T05:24:34+00:00;-286;
2025-11-16T05:36:34+00:00;-336;
2025-11-16T05:51:34+00:00;-345;
2025-11-16T06:07:54+00:00;-345;
2025-11-16T06:07:55+00:00;-317;
2025-11-16T06:16:54+00:00;-317;
2025-11-16T06:16:55+00:00;-286;
2025-11-16T06:35:54+00:00;-286;
2025-11-16T06:35:55+00:00;-199;
2025-11-16T06:53:53+00:00;-199;
2025-11-16T06:53:54+00:00;-123;
2025-11-16T06:55:53+00:00;-123;
2025-11-16T06:55:54+00:00;-115;
2025-11-16T07:18:15+00:00;-115;
2025-11-16T07:18:16+00:00;-36;
2025-11-16T07:33:15+00:00;-36;
2025-11-16T07:33:16+00:00;-4;
2025-11-16T08:41:35+00:00;-4;
2025-11-16T08:41:36+00:00;0;
2025-11-16T08:58:57+00:00;-90;
2025-11-16T09:10:57+00:00;-109;
2025-11-16T09:30:57+00:00;-134;
2025-11-16T09:44:57+00:00;-145;
2025-11-16T09:56:17+00:00;-148;
2025-11-16T10:11:18+00:00;-159;
2025-11-16T10:16:18+00:00;-163;
2025-11-16T10:25:18+00:00;-174;
2025-11-16T10:47:18+00:00;-196;
2025-11-16T11:03:39+00:00;-200;
2025-11-16T11:15:39+00:00;-195;
2025-11-16T11:30:38+00:00;-195;
2025-11-16T11:30:39+00:00;-171;
2025-11-16T11:44:37+00:00;-171;
2025-11-16T11:44:38+00:00;-101;
2025-11-16T11:59:58+00:00;-101;
2025-11-16T11:59:59+00:00;10;
2025-11-16T12:14:59+00:00;10;
2025-11-16T12:15:00+00:00;88;
2025-11-16T13:02:19+00:00;88;
2025-11-16T13:02:20+00:00;100;
2025-11-16T13:13:20+00:00;83;
2025-11-16T13:31:19+00:00;41;
2025-11-16T13:45:19+00:00;27;
2025-11-16T13:58:40+00:00;19;
2025-11-16T14:15:41+00:00;-10;
2025-11-16T14:32:40+00:00;-81;
2025-11-16T14:33:40+00:00;-64;
2025-11-16T14:59:00+00:00;-64;
2025-11-16T14:59:01+00:00;2;
2025-11-16T15:16:00+00:00;2;
2025-11-16T15:16:01+00:00;11;
2025-11-16T15:31:01+00:00;-12;
2025-11-16T15:34:01+00:00;-13;
2025-11-16T16:08:22+00:00;-15;
2025-11-16T16:19:22+00:00;-42;
2025-11-16T16:37:22+00:00;-95;
2025-11-16T16:57:42+00:00;-171;
2025-11-16T17:30:43+00:00;-228;
2025-11-16T18:20:03+00:00;-228;
2025-11-16T18:20:04+00:00;-218;
2025-11-16T19:14:24+00:00;-275;
2025-11-16T19:39:23+00:00;-506;
2025-11-16T19:52:44+00:00;-627;
2025-11-16T20:06:45+00:00;-734;
2025-11-16T20:15:45+00:00;-792;
2025-11-16T20:24:44+00:00;-834;
2025-11-16T20:46:44+00:00;-918;
2025-11-16T21:00:04+00:00;-954;
2025-11-16T21:07:05+00:00;-1002;
2025-11-16T21:23:05+00:00;-1035;
2025-11-16T21:39:05+00:00;-1031;
2025-11-16T21:56:24+00:00;-1031;
2025-11-16T21:56:25+00:00;-1006;
2025-11-16T22:03:25+00:00;-1006;
2025-11-16T22:03:26+00:00;-999;
2025-11-16T22:10:26+00:00;-1040;
2025-11-16T22:25:26+00:00;-1066;
2025-11-16T22:40:26+00:00;-1079;
2025-11-16T22:59:45+00:00;-1079;
2025-11-16T22:59:46+00:00;-1066;
2025-11-16T23:08:47+00:00;-1110;
2025-11-16T23:17:47+00:00;-1187;
2025-11-16T23:31:46+00:00;-1266;
2025-11-16T23:49:46+00:00;-1339;
2025-11-17T00:10:08+00:00;-1392;
2025-11-17T00:18:07+00:00;-1411;
2025-11-17T00:25:07+00:00;-1458;
2025-11-17T00:44:07+00:00;-1514;
2025-11-17T01:03:29+00:00;-1539;
2025-11-17T01:09:28+00:00;-1544;
2025-11-17T01:29:28+00:00;-1547;
2025-11-17T01:36:28+00:00;-1583;
2025-11-17T03:01:10+00:00;-1602;
2025-11-17T03:13:09+00:00;-1690;
2025-11-17T03:24:09+00:00;-1739;
2025-11-17T03:38:09+00:00;-1769;
2025-11-17T03:50:33+00:00;-1778;
2025-11-17T04:09:29+00:00;-1778;
2025-11-17T04:09:30+00:00;-1763;
2025-11-17T04:16:30+00:00;-1783;
2025-11-17T04:31:29+00:00;-1783;
2025-11-17T04:31:30+00:00;-1765;
2025-11-17T04:48:29+00:00;-1765;
2025-11-17T04:48:30+00:00;-1700;
2025-11-17T04:51:49+00:00;-1700;
2025-11-17T04:51:50+00:00;-1574;
2025-11-17T05:04:50+00:00;-1574;
2025-11-17T05:04:51+00:00;-1479;
2025-11-17T05:29:49+00:00;-1479;
2025-11-17T05:29:50+00:00;-1260;
2025-11-17T05:44:49+00:00;-1260;
2025-11-17T05:44:50+00:00;-1155;
2025-11-17T06:00:10+00:00;-1155;
2025-11-17T06:00:11+00:00;12;
2025-11-17T06:11:10+00:00;12;
2025-11-17T06:11:11+00:00;100;
2025-11-17T08:34:52+00:00;97;
2025-11-17T08:51:13+00:00;56;
2025-11-17T09:07:14+00:00;-9;
2025-11-17T09:29:13+00:00;-114;
2025-11-17T09:42:13+00:00;-209;
2025-11-17T09:51:34+00:00;-246;
2025-11-17T10:02:34+00:00;-264;
2025-11-17T10:25:34+00:00;-260;
2025-11-17T10:36:33+00:00;-260;
2025-11-17T10:36:34+00:00;-245;
2025-11-17T10:45:33+00:00;-245;
2025-11-17T10:45:34+00:00;-226;
2025-11-17T11:00:54+00:00;-226;
2025-11-17T11:00:55+00:00;-202;
2025-11-17T11:16:54+00:00;-202;
2025-11-17T11:16:55+00:00;-162;
2025-11-17T11:29:54+00:00;-162;
2025-11-17T11:29:55+00:00;-137;
2025-11-17T11:44:53+00:00;-137;
2025-11-17T11:44:54+00:00;-118;
2025-11-17T12:02:15+00:00;-118;
2025-11-17T12:02:16+00:00;-112;
2025-11-17T12:13:16+00:00;-115;
2025-11-17T12:31:15+00:00;-116;
2025-11-17T12:45:14+00:00;-116;
2025-11-17T12:45:15+00:00;-99;
2025-11-17T13:03:36+00:00;-99;
2025-11-17T13:03:37+00:00;-43;
2025-11-17T13:15:35+00:00;-43;
2025-11-17T13:15:36+00:00;2;
2025-11-17T14:23:57+00:00;-1;
2025-11-17T14:36:57+00:00;-32;
2025-11-17T15:01:18+00:00;-85;
2025-11-17T15:15:18+00:00;-135;
2025-11-17T15:29:18+00:00;-206;
2025-11-17T15:39:17+00:00;-226;
2025-11-17T15:51:38+00:00;-240;
2025-11-17T16:07:38+00:00;-240;
2025-11-17T16:07:39+00:00;-231;
2025-11-17T16:17:38+00:00;-231;
2025-11-17T16:17:39+00:00;-218;
2025-11-17T16:26:38+00:00;-218;
2025-11-17T16:26:39+00:00;-197;
2025-11-17T16:42:37+00:00;-197;
2025-11-17T16:42:38+00:00;-155;
2025-11-17T17:06:58+00:00;-155;
2025-11-17T17:06:59+00:00;-95;
2025-11-17T17:15:58+00:00;-95;
2025-11-17T17:15:59+00:00;-75;
2025-11-17T17:21:59+00:00;-93;
2025-11-17T17:46:19+00:00;-189;
2025-11-17T19:17:40+00:00;-252;
2025-11-17T19:33:40+00:00;-416;
2025-11-17T19:46:01+00:00;-527;
2025-11-17T19:59:00+00:00;-662;
2025-11-17T20:15:01+00:00;-806;
2025-11-17T20:23:01+00:00;-860;
2025-11-17T20:37:01+00:00;-938;
2025-11-17T20:46:21+00:00;-981;
2025-11-17T21:03:22+00:00;-1071;
2025-11-17T21:11:22+00:00;-1148;
2025-11-17T21:25:22+00:00;-1220;
2025-11-17T21:38:21+00:00;-1272;
2025-11-17T21:52:42+00:00;-1315;
2025-11-17T22:13:43+00:00;-1368;
2025-11-17T22:18:42+00:00;-1382;
2025-11-17T22:28:42+00:00;-1444;
2025-11-17T22:56:03+00:00;-1565;
2025-11-17T23:03:04+00:00;-1592;
2025-11-17T23:15:03+00:00;-1632;
2025-11-17T23:36:03+00:00;-1706;
2025-11-17T23:44:24+00:00;-1761;
2025-11-17T23:56:23+00:00;-1804;
2025-11-18T00:07:24+00:00;-1816;
2025-11-18T00:23:24+00:00;-1815;
2025-11-18T00:37:23+00:00;-1815;
2025-11-18T00:37:24+00:00;-1794;
2025-11-18T00:57:43+00:00;-1794;
2025-11-18T00:57:44+00:00;-1749;
2025-11-18T01:08:45+00:00;-1776;
2025-11-18T01:21:44+00:00;-1776;
2025-11-18T01:21:45+00:00;-1761;
2025-11-18T01:29:44+00:00;-1761;
2025-11-18T01:29:45+00:00;-1741;
2025-11-18T01:40:43+00:00;-1741;
2025-11-18T01:40:44+00:00;-1706;
2025-11-18T01:56:04+00:00;-1706;
2025-11-18T01:56:05+00:00;-1664;
2025-11-18T02:18:05+00:00;-1664;
2025-11-18T02:18:06+00:00;-1610;
2025-11-18T02:27:05+00:00;-1628;
2025-11-18T02:37:04+00:00;-1628;
2025-11-18T02:37:05+00:00;-1620;
2025-11-18T02:47:25+00:00;-1620;
2025-11-18T02:47:26+00:00;-1601;
2025-11-18T03:02:26+00:00;-1601;
2025-11-18T03:02:27+00:00;-1571;
2025-11-18T03:25:25+00:00;-1571;
2025-11-18T03:25:26+00:00;-1523;
2025-11-18T03:38:25+00:00;-1523;
2025-11-18T03:38:26+00:00;-1489;
2025-11-18T03:47:47+00:00;-1494;
2025-11-18T03:59:46+00:00;-1494;
2025-11-18T03:59:47+00:00;-1466;
2025-11-18T04:29:47+00:00;-1461;
2025-11-18T04:45:07+00:00;-1461;
2025-11-18T04:45:08+00:00;-1433;
2025-11-18T05:03:07+00:00;-1433;
2025-11-18T05:03:08+00:00;-1374;
2025-11-18T05:12:07+00:00;-1374;
2025-11-18T05:12:08+00:00;-1345;
2025-11-18T05:19:08+00:00;-1358;
2025-11-18T05:34:07+00:00;-1358;
2025-11-18T05:34:08+00:00;-1306;
2025-11-18T05:54:26+00:00;-1306;
2025-11-18T05:54:27+00:00;-1212;
2025-11-18T06:08:27+00:00;-1212;
2025-11-18T06:08:28+00:00;-1135;
2025-11-18T06:15:26+00:00;-1135;
2025-11-18T06:15:27+00:00;-1091;
2025-11-18T06:36:26+00:00;-1091;
2025-11-18T06:36:27+00:00;-939;
2025-11-18T06:45:47+00:00;-939;
2025-11-18T06:45:48+00:00;12;
2025-11-18T07:03:47+00:00;12;
2025-11-18T07:03:48+00:00;94;
2025-11-18T07:32:48+00:00;99;
2025-11-18T07:46:08+00:00;74;
2025-11-18T08:02:09+00:00;-9;
2025-11-18T08:23:09+00:00;-172;
2025-11-18T08:33:09+00:00;-235;
2025-11-18T08:39:08+00:00;-259;
2025-11-18T08:58:29+00:00;-315;
2025-11-18T09:11:30+00:00;-325;
2025-11-18T09:23:28+00:00;-325;
2025-11-18T09:23:29+00:00;-314;
2025-11-18T09:40:49+00:00;-314;
2025-11-18T09:40:50+00:00;-276;
2025-11-18T09:47:50+00:00;-293;
2025-11-18T10:02:49+00:00;-293;
2025-11-18T10:02:50+00:00;-262;
2025-11-18T10:24:49+00:00;-262;
2025-11-18T10:24:50+00:00;-198;
2025-11-18T10:30:49+00:00;-198;
2025-11-18T10:30:50+00:00;-179;
2025-11-18T10:48:09+00:00;-179;
2025-11-18T10:48:10+00:00;-105;
2025-11-18T11:02:10+00:00;-105;
2025-11-18T11:02:11+00:00;-56;
2025-11-18T11:14:10+00:00;-56;
2025-11-18T11:14:11+00:00;-30;
2025-11-18T11:31:10+00:00;-30;
2025-11-18T11:31:11+00:00;-7;
2025-11-18T11:57:30+00:00;-7;
2025-11-18T11:57:31+00:00;2;
2025-11-18T12:07:32+00:00;-19;
2025-11-18T12:27:32+00:00;-63;
2025-11-18T12:43:52+00:00;-86;
2025-11-18T12:47:52+00:00;-90;
2025-11-18T13:09:53+00:00;-95;
2025-11-18T13:16:52+00:00;-101;
2025-11-18T13:31:52+00:00;-137;
2025-11-18T13:53:12+00:00;-137;
2025-11-18T13:53:13+00:00;-116;
2025-11-18T14:15:12+00:00;-116;
2025-11-18T14:15:13+00:00;-109;
2025-11-18T14:29:13+00:00;-161;
2025-11-18T14:36:12+00:00;-161;
2025-11-18T14:36:13+00:00;-148;
2025-11-18T14:50:33+00:00;-148;
2025-11-18T14:50:34+00:00;-96;
2025-11-18T15:13:33+00:00;-96;
2025-11-18T15:13:34+00:00;0;
2025-11-18T15:23:34+00:00;4;
2025-11-18T15:40:55+00:00;-20;
2025-11-18T15:53:54+00:00;-60;
2025-11-18T16:04:55+00:00;-106;
2025-11-18T16:22:55+00:00;-209;
2025-11-18T16:39:15+00:00;-268;
2025-11-18T18:41:57+00:00;-334;
2025-11-18T18:55:56+00:00;-510;
2025-11-18T19:13:57+00:00;-708;
2025-11-18T19:26:57+00:00;-861;
2025-11-18T19:34:57+00:00;-951;
2025-11-18T19:49:17+00:00;-1090;
2025-11-18T20:03:18+00:00;-1215;
2025-11-18T20:14:18+00:00;-1301;
2025-11-18T20:34:17+00:00;-1438;
2025-11-18T20:42:38+00:00;-1551;
2025-11-18T20:58:38+00:00;-1687;
2025-11-18T21:15:38+00:00;-1805;
2025-11-18T21:26:38+00:00;-1858;
2025-11-18T21:42:59+00:00;-1919;
2025-11-18T21:57:58+00:00;-1958;
2025-11-18T22:07:59+00:00;-2017;
2025-11-18T22:22:59+00:00;-2060;
2025-11-18T22:31:59+00:00;-2074;
2025-11-18T22:49:19+00:00;-2077;
2025-11-18T22:57:19+00:00;-2075;
2025-11-18T23:16:19+00:00;-2075;
2025-11-18T23:16:20+00:00;-2064;
2025-11-18T23:32:19+00:00;-2064;
2025-11-18T23:32:20+00:00;-2050;
2025-11-18T23:38:40+00:00;-2076;
2025-11-18T23:54:40+00:00;-2074;
2025-11-19T00:08:40+00:00;-2074;
2025-11-19T00:08:41+00:00;-2059;
2025-11-19T00:19:40+00:00;-2059;
2025-11-19T00:19:41+00:00;-2032;
2025-11-19T00:34:03+00:00;-2032;
2025-11-19T00:34:04+00:00;-1976;
2025-11-19T00:54:00+00:00;-1976;
2025-11-19T00:54:01+00:00;-1875;
2025-11-19T01:00:00+00:00;-1875;
2025-11-19T01:00:01+00:00;-1842;
2025-11-19T01:09:01+00:00;-1842;
2025-11-19T01:09:02+00:00;-1830;
2025-11-19T01:34:24+00:00;-1830;
2025-11-19T01:34:25+00:00;-1752;
2025-11-19T01:42:21+00:00;-1752;
2025-11-19T01:42:22+00:00;-1723;
2025-11-19T01:54:21+00:00;-1723;
2025-11-19T01:54:22+00:00;-1670;
2025-11-19T02:05:21+00:00;-1670;
2025-11-19T02:05:22+00:00;-1628;
2025-11-19T02:26:21+00:00;-1628;
2025-11-19T02:26:22+00:00;-1562;
2025-11-19T02:33:46+00:00;-1583;
2025-11-19T02:49:41+00:00;-1583;
2025-11-19T02:49:42+00:00;-1557;
2025-11-19T03:03:42+00:00;-1557;
2025-11-19T03:03:43+00:00;-1524;
2025-11-19T03:13:42+00:00;-1524;
2025-11-19T03:13:43+00:00;-1496;
2025-11-19T03:34:02+00:00;-1496;
2025-11-19T03:34:03+00:00;-1427;
2025-11-19T03:49:02+00:00;-1427;
2025-11-19T03:49:03+00:00;-1364;
2025-11-19T03:55:02+00:00;-1364;
2025-11-19T03:55:03+00:00;-1336;
2025-11-19T04:04:03+00:00;-1336;
2025-11-19T04:04:04+00:00;-1330;
2025-11-19T04:18:02+00:00;-1330;
2025-11-19T04:18:03+00:00;-1290;
2025-11-19T04:34:23+00:00;-1290;
2025-11-19T04:34:24+00:00;-1225;
2025-11-19T04:47:23+00:00;-1225;
2025-11-19T04:47:24+00:00;-1160;
2025-11-19T05:00:23+00:00;-1160;
2025-11-19T05:00:24+00:00;-1102;
2025-11-19T05:20:23+00:00;-1102;
2025-11-19T05:20:24+00:00;-988;
2025-11-19T05:35:44+00:00;-988;
2025-11-19T05:35:45+00:00;-926;
2025-11-19T05:46:43+00:00;-926;
2025-11-19T05:46:44+00:00;-858;
2025-11-19T05:50:43+00:00;-858;
2025-11-19T05:50:44+00:00;35;
2025-11-19T06:03:44+00:00;35;
2025-11-19T06:03:45+00:00;100;
2025-11-19T06:38:05+00:00;89;
2025-11-19T06:52:05+00:00;61;
2025-11-19T07:17:06+00:00;-3;
2025-11-19T07:29:06+00:00;-38;
2025-11-19T07:35:26+00:00;-64;
2025-11-19T07:56:26+00:00;-171;
2025-11-19T08:05:27+00:00;-216;
2025-11-19T08:17:27+00:00;-216;
2025-11-19T08:25:25+00:00;-216;
2025-11-19T08:25:26+00:00;-205;
2025-11-19T08:45:46+00:00;-205;
2025-11-19T08:45:47+00:00;-171;
2025-11-19T09:01:47+00:00;-171;
2025-11-19T09:01:48+00:00;-158;
2025-11-19T09:09:47+00:00;-157;
2025-11-19T09:26:47+00:00;-179;
2025-11-19T09:45:08+00:00;-198;
2025-11-19T09:55:08+00:00;-211;
2025-11-19T10:06:08+00:00;-233;
2025-11-19T10:21:08+00:00;-247;
2025-11-19T10:34:29+00:00;-245;
2025-11-19T10:49:27+00:00;-245;
2025-11-19T10:49:28+00:00;-235;
2025-11-19T11:06:28+00:00;-235;
2025-11-19T11:06:29+00:00;-215;
2025-11-19T11:14:28+00:00;-215;
2025-11-19T11:14:29+00:00;-204;
2025-11-19T11:23:29+00:00;-235;
2025-11-19T11:38:49+00:00;-230;
2025-11-19T11:49:48+00:00;-230;
2025-11-19T11:49:49+00:00;-218;
2025-11-19T12:09:49+00:00;-218;
2025-11-19T12:09:50+00:00;-190;
2025-11-19T12:15:49+00:00;-190;
2025-11-19T12:15:50+00:00;-178;
2025-11-19T12:33:09+00:00;-178;
2025-11-19T12:33:10+00:00;-130;
2025-11-19T12:47:09+00:00;-130;
2025-11-19T12:47:10+00:00;-116;
2025-11-19T13:01:11+00:00;-119;
2025-11-19T13:18:10+00:00;-148;
2025-11-19T13:30:31+00:00;-171;
2025-11-19T13:47:30+00:00;-171;
2025-11-19T13:47:31+00:00;-131;
2025-11-19T14:33:51+00:00;-131;
2025-11-19T14:33:52+00:00;-80;
2025-11-19T14:49:50+00:00;-80;
2025-11-19T14:49:51+00:00;3;
2025-11-19T14:58:50+00:00;3;
2025-11-19T14:58:51+00:00;20;
2025-11-19T15:11:51+00:00;20;
2025-11-19T15:11:52+00:00;29;
2025-11-19T15:26:52+00:00;23;
2025-11-19T15:34:12+00:00;10;
2025-11-19T15:57:12+00:00;-44;
2025-11-19T16:05:13+00:00;-71;
2025-11-19T16:22:13+00:00;-139;
2025-11-19T16:34:33+00:00;-207;
2025-11-19T16:46:33+00:00;-246;
2025-11-19T17:00:34+00:00;-320;
2025-11-19T17:14:33+00:00;-362;
2025-11-19T17:36:52+00:00;-368;
2025-11-19T18:38:13+00:00;-377;
2025-11-19T18:50:13+00:00;-514;
2025-11-19T19:04:14+00:00;-603;
2025-11-19T19:27:34+00:00;-695;
2025-11-19T19:36:34+00:00;-726;
2025-11-19T19:53:34+00:00;-780;
2025-11-19T20:01:34+00:00;-851;
2025-11-19T20:15:34+00:00;-930;
2025-11-19T20:25:34+00:00;-959;
2025-11-19T20:45:54+00:00;-989;
2025-11-19T20:53:54+00:00;-1007;
2025-11-19T21:07:55+00:00;-1026;
2025-11-19T21:15:55+00:00;-1070;
2025-11-19T21:31:15+00:00;-1092;
2025-11-19T21:42:15+00:00;-1089;
2025-11-19T22:07:15+00:00;-1089;
2025-11-19T22:07:16+00:00;-1065;
2025-11-19T22:20:15+00:00;-1065;
2025-11-19T22:20:16+00:00;-1039;
2025-11-19T22:25:14+00:00;-1039;
2025-11-19T22:25:15+00:00;-1024;
2025-11-19T22:35:36+00:00;-1037;
2025-11-19T22:56:35+00:00;-1037;
2025-11-19T22:56:36+00:00;-1017;
2025-11-19T23:03:36+00:00;-1017;
2025-11-19T23:03:37+00:00;-1004;
2025-11-19T23:25:35+00:00;-1004;
2025-11-19T23:25:36+00:00;-939;
2025-11-19T23:33:56+00:00;-939;
2025-11-19T23:33:57+00:00;-923;
2025-11-19T23:41:57+00:00;-947;
2025-11-19T23:57:55+00:00;-947;
2025-11-19T23:57:56+00:00;-939;
2025-11-20T00:18:56+00:00;-939;
2025-11-20T00:18:57+00:00;-916;
2025-11-20T00:31:17+00:00;-916;
2025-11-20T00:31:18+00:00;-890;
2025-11-20T00:52:16+00:00;-890;
2025-11-20T00:52:17+00:00;-831;
2025-11-20T01:02:18+00:00;-849;
2025-11-20T01:12:18+00:00;-844;
2025-11-20T01:22:17+00:00;-844;
2025-11-20T01:22:18+00:00;-829;
2025-11-20T01:41:37+00:00;-829;
2025-11-20T01:41:38+00:00;-779;
2025-11-20T01:57:37+00:00;-779;
2025-11-20T01:57:38+00:00;-734;
2025-11-20T02:10:38+00:00;-734;
2025-11-20T02:10:39+00:00;-692;
2025-11-20T02:19:38+00:00;-701;
2025-11-20T02:32:58+00:00;-701;
2025-11-20T02:32:59+00:00;-677;
2025-11-20T02:50:58+00:00;-677;
2025-11-20T02:50:59+00:00;-617;
2025-11-20T03:01:58+00:00;-617;
2025-11-20T03:01:59+00:00;-566;
2025-11-20T03:17:58+00:00;-566;
2025-11-20T03:17:59+00:00;-477;
2025-11-20T03:27:20+00:00;-477;
2025-11-20T03:27:21+00:00;-433;
2025-11-20T03:35:21+00:00;-434;
2025-11-20T03:58:19+00:00;-434;
2025-11-20T03:58:20+00:00;-322;
2025-11-20T04:58:40+00:00;-322;
2025-11-20T04:58:41+00:00;-314;
2025-11-20T05:22:42+00:00;-348;
2025-11-20T05:31:01+00:00;-348;
2025-11-20T05:31:02+00:00;-335;
2025-11-20T05:46:01+00:00;-335;
2025-11-20T05:46:02+00:00;-281;
2025-11-20T06:05:02+00:00;-281;
2025-11-20T06:05:03+00:00;-145;
2025-11-20T06:08:02+00:00;-145;
2025-11-20T06:08:03+00:00;12;
2025-11-20T06:33:22+00:00;12;
2025-11-20T06:33:23+00:00;88;
2025-11-20T07:38:43+00:00;88;
2025-11-20T07:38:44+00:00;100;
2025-11-20T07:47:44+00:00;90;
2025-11-20T08:08:44+00:00;30;
2025-11-20T08:24:05+00:00;-28;
2025-11-20T08:33:05+00:00;-68;
2025-11-20T08:45:04+00:00;-132;
2025-11-20T08:57:04+00:00;-228;
2025-11-20T09:15:05+00:00;-292;
2025-11-20T09:22:05+00:00;-301;
2025-11-20T09:38:25+00:00;-303;
2025-11-20T10:01:25+00:00;-303;
2025-11-20T10:01:26+00:00;-297;
2025-11-20T10:16:24+00:00;-297;
2025-11-20T10:16:25+00:00;-280;
2025-11-20T10:30:45+00:00;-280;
2025-11-20T10:30:46+00:00;-240;
2025-11-20T10:37:45+00:00;-240;
2025-11-20T10:37:46+00:00;-222;
2025-11-20T10:45:46+00:00;-238;
2025-11-20T10:58:45+00:00;-238;
2025-11-20T11:25:06+00:00;-238;
2025-11-20T11:25:07+00:00;-191;
2025-11-20T11:36:06+00:00;-191;
2025-11-20T11:36:07+00:00;-176;
2025-11-20T11:52:05+00:00;-176;
2025-11-20T11:52:06+00:00;-166;
2025-11-20T12:03:07+00:00;-163;
2025-11-20T12:09:07+00:00;-165;
2025-11-20T12:30:27+00:00;-175;
2025-11-20T12:46:27+00:00;-177;
2025-11-20T12:59:27+00:00;-173;
2025-11-20T13:16:28+00:00;-170;
2025-11-20T13:30:47+00:00;-170;
2025-11-20T13:30:48+00:00;-163;
2025-11-20T13:43:47+00:00;-163;
2025-11-20T13:43:48+00:00;-154;
2025-11-20T14:43:09+00:00;-150;
2025-11-20T14:49:09+00:00;-147;
2025-11-20T15:10:08+00:00;-147;
2025-11-20T15:10:09+00:00;-94;
2025-11-20T15:16:08+00:00;-94;
2025-11-20T15:16:09+00:00;-79;
2025-11-20T15:30:29+00:00;-79;
2025-11-20T15:30:30+00:00;-57;
2025-11-20T15:44:28+00:00;-57;
2025-11-20T15:44:29+00:00;3;
2025-11-20T15:58:28+00:00;3;
2025-11-20T15:58:29+00:00;17;
2025-11-20T16:14:30+00:00;12;
2025-11-20T16:19:30+00:00;4;
2025-11-20T16:44:50+00:00;-56;
2025-11-20T16:58:50+00:00;-107;
2025-11-20T17:11:51+00:00;-163;
2025-11-20T17:52:11+00:00;-201;
2025-11-20T17:57:11+00:00;-237;
2025-11-20T18:25:32+00:00;-297;
2025-11-20T18:38:32+00:00;-332;
2025-11-20T18:55:32+00:00;-366;
2025-11-20T19:11:32+00:00;-384;
2025-11-20T20:01:52+00:00;-384;
2025-11-20T20:01:53+00:00;-373;
2025-11-20T20:16:53+00:00;-492;
2025-11-20T20:26:14+00:00;-530;
2025-11-20T20:34:13+00:00;-553;
2025-11-20T20:55:13+00:00;-605;
2025-11-20T21:06:14+00:00;-626;
2025-11-20T21:17:14+00:00;-636;
2025-11-20T21:28:33+00:00;-636;
2025-11-20T21:28:34+00:00;-627;
2025-11-20T21:36:34+00:00;-660;
2025-11-20T21:55:35+00:00;-676;
2025-11-20T22:10:35+00:00;-676;
2025-11-20T22:10:36+00:00;-669;
2025-11-20T22:27:55+00:00;-669;
2025-11-20T22:27:56+00:00;-653;
2025-11-20T22:43:55+00:00;-653;
2025-11-20T22:43:56+00:00;-636;
2025-11-20T22:55:56+00:00;-675;
2025-11-20T23:02:56+00:00;-676;
2025-11-20T23:19:16+00:00;-676;
2025-11-20T23:19:17+00:00;-616;
2025-11-20T23:25:16+00:00;-616;
2025-11-20T23:25:17+00:00;-586;
2025-11-20T23:46:16+00:00;-586;
2025-11-20T23:46:17+00:00;-477;
2025-11-21T00:01:16+00:00;-477;
2025-11-21T00:01:17+00:00;-407;
2025-11-21T00:12:17+00:00;-405;
2025-11-21T00:20:37+00:00;-405;
2025-11-21T00:20:38+00:00;-375;
2025-11-21T00:46:37+00:00;-375;
2025-11-21T00:46:38+00:00;-261;
2025-11-21T00:53:37+00:00;-261;
2025-11-21T00:53:38+00:00;-235;
2025-11-21T01:05:38+00:00;-235;
2025-11-21T01:05:39+00:00;-185;
2025-11-21T01:22:58+00:00;-185;
2025-11-21T01:22:59+00:00;-130;
2025-11-21T01:33:58+00:00;-130;
2025-11-21T01:33:59+00:00;-107;
2025-11-21T01:50:58+00:00;-107;
2025-11-21T01:50:59+00:00;-87;
2025-11-21T02:01:00+00:00;-92;
2025-11-21T02:11:00+00:00;-106;
2025-11-21T02:28:20+00:00;-136;
2025-11-21T02:45:20+00:00;-171;
2025-11-21T03:02:21+00:00;-201;
2025-11-21T03:16:41+00:00;-225;
2025-11-21T03:24:41+00:00;-233;
2025-11-21T03:37:41+00:00;-235;
2025-11-21T04:24:01+00:00;-235;
2025-11-21T04:24:02+00:00;-223;
2025-11-21T04:35:02+00:00;-245;
2025-11-21T04:45:01+00:00;-251;
2025-11-21T05:01:01+00:00;-251;
2025-11-21T05:01:02+00:00;-230;
2025-11-21T05:10:02+00:00;-258;
2025-11-21T05:29:21+00:00;-258;
2025-11-21T05:29:22+00:00;-248;
2025-11-21T05:43:21+00:00;-248;
2025-11-21T05:43:22+00:00;-215;
2025-11-21T05:48:21+00:00;-215;
2025-11-21T05:48:22+00:00;-194;
2025-11-21T06:06:22+00:00;-194;
2025-11-21T06:06:23+00:00;-93;
2025-11-21T06:19:42+00:00;-93;
2025-11-21T06:19:43+00:00;-29;
2025-11-21T06:29:42+00:00;-29;
2025-11-21T06:29:43+00:00;5;
2025-11-21T06:41:43+00:00;7;
2025-11-21T07:00:44+00:00;-26;
2025-11-21T07:16:04+00:00;-37;
2025-11-21T07:31:04+00:00;-63;
2025-11-21T07:37:04+00:00;-88;
2025-11-21T07:47:04+00:00;-140;
Fri Nov 21 2025 08:48:40 GMT+0100 (Central European Standard Time);-140;
