timestamp;[Calcu­lated supply climate system 1][°C][43009];
2025-10-31T23:03:23+00:00;24.5;
2025-10-31T23:05:30+00:00;23.0;
2025-10-31T23:07:10+00:00;22.5;
2025-10-31T23:08:49+00:00;22.0;
2025-10-31T23:11:36+00:00;21.5;
2025-10-31T23:30:30+00:00;21.0;
2025-10-31T23:35:30+00:00;21.5;
2025-10-31T23:40:23+00:00;21.0;
2025-10-31T23:42:20+00:00;21.5;
2025-10-31T23:45:58+00:00;22.0;
2025-10-31T23:46:59+00:00;22.5;
2025-11-01T00:15:32+00:00;23.5;
2025-11-01T00:17:37+00:00;24.0;
2025-11-01T00:25:40+00:00;24.5;
2025-11-01T00:28:07+00:00;25.0;
2025-11-01T00:30:45+00:00;25.5;
2025-11-01T00:32:22+00:00;26.0;
2025-11-01T00:34:00+00:00;26.5;
2025-11-01T00:36:26+00:00;27.0;
2025-11-01T00:45:27+00:00;27.5;
2025-11-01T00:46:30+00:00;28.0;
2025-11-01T00:48:29+00:00;28.5;
2025-11-01T01:07:16+00:00;29.5;
2025-11-01T01:38:39+00:00;30.0;
2025-11-01T01:40:19+00:00;30.5;
2025-11-01T02:35:11+00:00;31.0;
2025-11-01T02:47:03+00:00;31.5;
2025-11-01T03:15:37+00:00;31.0;
2025-11-01T03:18:52+00:00;30.5;
2025-11-01T03:47:57+00:00;31.0;
2025-11-01T04:24:11+00:00;30.5;
2025-11-01T04:30:32+00:00;31.0;
2025-11-01T04:32:59+00:00;31.5;
2025-11-01T04:49:07+00:00;32.0;
2025-11-01T05:19:46+00:00;31.0;
2025-11-01T05:24:32+00:00;31.5;
2025-11-01T05:30:35+00:00;31.0;
2025-11-01T05:32:47+00:00;31.5;
2025-11-01T05:44:00+00:00;31.0;
2025-11-01T05:45:58+00:00;31.5;
2025-11-01T05:51:35+00:00;31.0;
2025-11-01T06:15:48+00:00;30.5;
2025-11-01T06:17:28+00:00;30.0;
2025-11-01T06:52:36+00:00;29.5;
2025-11-01T07:04:26+00:00;26.0;
2025-11-01T07:11:12+00:00;25.5;
2025-11-01T07:15:44+00:00;25.0;
2025-11-01T07:42:17+00:00;24.5;
2025-11-01T07:44:16+00:00;24.0;
2025-11-01T07:46:17+00:00;25.5;
2025-11-01T07:47:29+00:00;26.5;
2025-11-01T07:48:38+00:00;27.0;
2025-11-01T07:53:36+00:00;27.5;
2025-11-01T07:56:56+00:00;28.0;
2025-11-01T08:16:35+00:00;26.0;
2025-11-01T08:18:54+00:00;25.0;
2025-11-01T08:24:01+00:00;24.5;
2025-11-01T08:30:53+00:00;25.0;
2025-11-01T08:32:28+00:00;25.5;
2025-11-01T08:45:22+00:00;26.0;
2025-11-01T08:46:42+00:00;26.5;
2025-11-01T08:51:10+00:00;27.0;
2025-11-01T08:56:53+00:00;26.5;
2025-11-01T09:07:48+00:00;26.0;
2025-11-01T09:12:47+00:00;26.5;
2025-11-01T09:18:27+00:00;25.5;
2025-11-01T09:56:54+00:00;26.0;
2025-11-01T10:13:15+00:00;26.5;
2025-11-01T10:25:54+00:00;27.0;
2025-11-01T10:58:28+00:00;26.5;
2025-11-01T11:31:31+00:00;26.0;
2025-11-01T11:33:30+00:00;25.5;
2025-11-01T11:46:53+00:00;25.0;
2025-11-01T12:04:32+00:00;24.5;
2025-11-01T12:16:19+00:00;24.0;
2025-11-01T12:20:15+00:00;23.5;
2025-11-01T12:31:46+00:00;22.0;
2025-11-01T12:35:21+00:00;21.0;
2025-11-01T12:40:39+00:00;20.8;
2025-11-01T12:46:33+00:00;20.8;
2025-11-01T12:51:49+00:00;20.8;
2025-11-01T12:56:44+00:00;20.8;
2025-11-01T12:58:41+00:00;20.0;
2025-11-01T13:01:38+00:00;20.8;
2025-11-01T13:07:32+00:00;20.0;
2025-11-01T13:11:28+00:00;20.0;
2025-11-01T14:24:33+00:00;20.0;
2025-11-01T14:28:29+00:00;20.9;
2025-11-01T14:31:26+00:00;20.0;
2025-11-01T14:33:24+00:00;21.0;
2025-11-01T14:34:23+00:00;20.0;
2025-11-01T14:55:38+00:00;20.5;
2025-11-01T15:00:01+00:00;20.0;
2025-11-01T15:35:57+00:00;20.5;
2025-11-01T15:42:33+00:00;20.7;
2025-11-01T15:53:43+00:00;20.9;
2025-11-01T16:00:59+00:00;21.4;
2025-11-01T16:03:26+00:00;21.9;
2025-11-01T16:47:20+00:00;22.9;
2025-11-01T16:48:47+00:00;23.4;
2025-11-01T17:02:48+00:00;23.9;
2025-11-01T17:13:09+00:00;23.4;
2025-11-01T17:20:04+00:00;23.9;
2025-11-01T17:49:55+00:00;24.4;
2025-11-01T18:14:56+00:00;24.9;
2025-11-01T18:19:49+00:00;25.4;
2025-11-01T19:16:53+00:00;25.9;
2025-11-01T19:23:13+00:00;26.4;
2025-11-01T20:36:34+00:00;27.4;
2025-11-01T20:57:39+00:00;26.9;
2025-11-01T21:02:18+00:00;27.4;
2025-11-01T21:09:30+00:00;26.9;
2025-11-01T21:42:39+00:00;26.4;
2025-11-01T22:08:53+00:00;25.9;
2025-11-01T22:14:08+00:00;25.4;
2025-11-01T22:16:23+00:00;25.9;
2025-11-01T22:34:33+00:00;26.4;
2025-11-01T22:49:47+00:00;25.9;
2025-11-01T22:51:42+00:00;26.4;
2025-11-01T22:56:35+00:00;25.9;
2025-11-01T23:03:27+00:00;27.9;
2025-11-01T23:05:25+00:00;28.4;
2025-11-01T23:08:18+00:00;28.9;
2025-11-01T23:13:20+00:00;28.4;
2025-11-01T23:15:53+00:00;28.9;
2025-11-01T23:20:30+00:00;29.4;
2025-11-01T23:21:56+00:00;29.9;
2025-11-02T00:15:53+00:00;29.4;
2025-11-02T00:17:33+00:00;28.9;
2025-11-02T00:38:16+00:00;29.9;
2025-11-02T00:43:20+00:00;29.4;
2025-11-02T01:21:05+00:00;28.9;
2025-11-02T02:00:45+00:00;28.4;
2025-11-02T02:02:12+00:00;27.9;
2025-11-02T02:07:19+00:00;27.4;
2025-11-02T02:47:27+00:00;27.9;
2025-11-02T03:28:52+00:00;28.4;
2025-11-02T04:58:57+00:00;27.9;
2025-11-02T05:13:53+00:00;27.4;
2025-11-02T05:20:02+00:00;26.9;
2025-11-02T05:35:28+00:00;26.9;
2025-11-02T05:44:03+00:00;27.4;
2025-11-02T05:45:35+00:00;26.9;
2025-11-02T06:08:41+00:00;26.4;
2025-11-02T06:20:11+00:00;25.9;
2025-11-02T06:43:33+00:00;25.4;
2025-11-02T07:00:15+00:00;24.9;
2025-11-02T07:15:38+00:00;25.4;
2025-11-02T07:17:47+00:00;24.9;
2025-11-02T08:00:25+00:00;24.4;
2025-11-02T09:03:59+00:00;23.9;
2025-11-02T09:27:58+00:00;22.9;
2025-11-02T09:30:18+00:00;23.4;
2025-11-02T09:41:41+00:00;22.9;
2025-11-02T10:16:01+00:00;22.4;
2025-11-02T10:33:00+00:00;22.9;
2025-11-02T10:34:26+00:00;22.4;
2025-11-02T10:37:41+00:00;21.9;
2025-11-02T11:00:10+00:00;22.4;
2025-11-02T11:11:39+00:00;21.9;
2025-11-02T11:18:57+00:00;21.4;
2025-11-02T11:30:01+00:00;20.0;
2025-11-02T20:01:55+00:00;21.0;
2025-11-02T20:05:02+00:00;21.5;
2025-11-02T20:08:26+00:00;22.0;
2025-11-02T20:16:55+00:00;22.5;
2025-11-02T20:19:22+00:00;23.0;
2025-11-02T20:23:24+00:00;22.5;
2025-11-02T20:30:47+00:00;23.0;
2025-11-02T20:39:20+00:00;23.5;
2025-11-02T21:20:25+00:00;24.0;
2025-11-02T21:37:30+00:00;23.5;
2025-11-02T21:45:45+00:00;24.5;
2025-11-02T22:01:10+00:00;25.0;
2025-11-02T22:08:26+00:00;25.5;
2025-11-02T22:10:25+00:00;26.0;
2025-11-02T22:16:53+00:00;26.5;
2025-11-02T22:41:57+00:00;27.0;
2025-11-02T22:50:15+00:00;27.5;
2025-11-02T23:08:23+00:00;27.0;
2025-11-02T23:27:00+00:00;27.5;
2025-11-02T23:31:09+00:00;27.0;
2025-11-02T23:37:58+00:00;27.5;
2025-11-02T23:45:16+00:00;27.0;
2025-11-03T00:00:16+00:00;28.0;
2025-11-03T00:07:04+00:00;27.5;
2025-11-03T00:13:32+00:00;27.0;
2025-11-03T00:16:44+00:00;27.5;
2025-11-03T00:19:11+00:00;28.0;
2025-11-03T00:23:08+00:00;27.5;
2025-11-03T00:38:30+00:00;28.0;
2025-11-03T00:42:36+00:00;27.5;
2025-11-03T01:05:07+00:00;28.0;
2025-11-03T01:06:55+00:00;27.5;
2025-11-03T01:33:09+00:00;30.5;
2025-11-03T01:40:00+00:00;31.5;
2025-11-03T01:44:12+00:00;31.0;
2025-11-03T02:47:15+00:00;31.5;
2025-11-03T03:00:49+00:00;31.0;
2025-11-03T03:15:55+00:00;30.5;
2025-11-03T03:50:36+00:00;30.0;
2025-11-03T03:52:16+00:00;29.5;
2025-11-03T03:56:47+00:00;30.0;
2025-11-03T04:00:16+00:00;29.5;
2025-11-03T04:17:49+00:00;29.0;
2025-11-03T04:45:48+00:00;28.0;
2025-11-03T04:49:03+00:00;27.5;
2025-11-03T05:01:33+00:00;26.5;
2025-11-03T05:03:45+00:00;26.0;
2025-11-03T05:05:44+00:00;25.5;
2025-11-03T05:15:25+00:00;25.0;
2025-11-03T05:17:15+00:00;24.0;
2025-11-03T05:18:32+00:00;23.5;
2025-11-03T05:21:47+00:00;23.0;
2025-11-03T05:30:55+00:00;22.5;
2025-11-03T05:32:12+00:00;22.0;
2025-11-03T05:47:17+00:00;21.0;
2025-11-03T06:15:01+00:00;20.0;
2025-11-03T07:45:01+00:00;20.8;
2025-11-03T07:47:10+00:00;21.3;
2025-11-03T07:56:13+00:00;21.8;
2025-11-03T08:15:01+00:00;20.0;
2025-11-03T08:30:01+00:00;21.7;
2025-11-03T08:42:13+00:00;22.2;
2025-11-03T08:46:49+00:00;23.7;
2025-11-03T08:48:07+00:00;24.2;
2025-11-03T09:19:22+00:00;23.2;
2025-11-03T09:32:47+00:00;23.7;
2025-11-03T09:45:36+00:00;24.2;
2025-11-03T09:47:22+00:00;24.7;
2025-11-03T09:48:49+00:00;25.2;
2025-11-03T10:17:14+00:00;24.7;
2025-11-03T10:28:16+00:00;24.2;
2025-11-03T10:55:15+00:00;24.7;
2025-11-03T10:57:42+00:00;25.2;
2025-11-03T11:04:20+00:00;24.7;
2025-11-03T11:48:32+00:00;24.2;
2025-11-03T12:09:51+00:00;23.2;
2025-11-03T12:30:27+00:00;22.7;
2025-11-03T12:58:18+00:00;22.2;
2025-11-03T12:59:45+00:00;21.7;
2025-11-03T13:04:28+00:00;22.2;
2025-11-03T13:28:32+00:00;21.7;
2025-11-03T13:45:01+00:00;20.0;
2025-11-03T14:00:22+00:00;20.6;
2025-11-03T14:01:21+00:00;20.0;
2025-11-03T14:05:17+00:00;20.0;
2025-11-03T14:10:12+00:00;20.0;
2025-11-03T14:12:10+00:00;20.6;
2025-11-03T14:15:07+00:00;20.0;
2025-11-03T14:17:05+00:00;21.0;
2025-11-03T14:22:00+00:00;21.0;
2025-11-03T14:24:19+00:00;20.0;
2025-11-03T14:26:17+00:00;21.0;
2025-11-03T14:44:06+00:00;21.5;
2025-11-03T14:47:42+00:00;22.0;
2025-11-03T14:58:03+00:00;22.5;
2025-11-03T15:06:15+00:00;23.0;
2025-11-03T15:30:20+00:00;24.0;
2025-11-03T15:32:10+00:00;24.5;
2025-11-03T15:38:51+00:00;25.0;
2025-11-03T16:01:53+00:00;23.0;
2025-11-03T16:03:34+00:00;22.0;
2025-11-03T16:05:14+00:00;21.5;
2025-11-03T16:31:27+00:00;22.0;
2025-11-03T16:39:43+00:00;21.5;
2025-11-03T16:47:53+00:00;22.0;
2025-11-03T17:04:13+00:00;22.5;
2025-11-03T17:12:19+00:00;22.0;
2025-11-03T17:17:40+00:00;24.0;
2025-11-03T17:30:38+00:00;24.5;
2025-11-03T18:01:02+00:00;25.0;
2025-11-03T18:15:26+00:00;25.5;
2025-11-03T18:17:06+00:00;26.0;
2025-11-03T18:30:20+00:00;26.5;
2025-11-03T18:31:29+00:00;27.0;
2025-11-03T18:33:56+00:00;27.5;
2025-11-03T18:43:54+00:00;28.0;
2025-11-03T18:47:41+00:00;28.5;
2025-11-03T18:51:55+00:00;28.0;
2025-11-03T19:06:44+00:00;28.5;
2025-11-03T19:32:42+00:00;28.5;
2025-11-03T21:45:06+00:00;29.0;
2025-11-03T21:49:09+00:00;29.5;
2025-11-03T22:03:16+00:00;30.0;
2025-11-03T22:07:15+00:00;30.5;
2025-11-03T22:16:58+00:00;31.5;
2025-11-03T22:21:55+00:00;32.0;
2025-11-03T22:32:38+00:00;32.5;
2025-11-03T22:45:19+00:00;33.0;
2025-11-03T22:48:20+00:00;34.0;
2025-11-03T22:55:33+00:00;34.5;
2025-11-03T23:03:31+00:00;28.5;
2025-11-03T23:04:24+00:00;28.0;
2025-11-03T23:05:51+00:00;27.5;
2025-11-03T23:15:42+00:00;28.0;
2025-11-03T23:17:40+00:00;27.5;
2025-11-03T23:27:15+00:00;28.0;
2025-11-03T23:46:00+00:00;28.5;
2025-11-04T00:10:36+00:00;29.0;
2025-11-04T01:05:11+00:00;29.5;
2025-11-04T02:49:08+00:00;30.5;
2025-11-04T03:07:11+00:00;30.0;
2025-11-04T03:09:32+00:00;30.5;
2025-11-04T03:11:52+00:00;30.0;
2025-11-04T03:17:04+00:00;30.5;
2025-11-04T03:29:48+00:00;30.0;
2025-11-04T03:37:29+00:00;30.5;
2025-11-04T03:40:32+00:00;30.0;
2025-11-04T03:58:45+00:00;29.5;
2025-11-04T04:30:04+00:00;29.0;
2025-11-04T04:34:14+00:00;29.5;
2025-11-04T04:51:03+00:00;28.5;
2025-11-04T04:54:46+00:00;29.0;
2025-11-04T05:04:39+00:00;28.5;
2025-11-04T05:07:54+00:00;29.0;
2025-11-04T05:22:00+00:00;28.5;
2025-11-04T05:45:39+00:00;28.0;
2025-11-04T05:57:21+00:00;28.5;
2025-11-04T05:58:52+00:00;28.0;
2025-11-04T06:01:05+00:00;27.5;
2025-11-04T06:02:13+00:00;27.0;
2025-11-04T06:24:39+00:00;26.0;
2025-11-04T07:10:19+00:00;26.5;
2025-11-04T07:14:26+00:00;26.0;
2025-11-04T07:41:07+00:00;25.5;
2025-11-04T08:08:22+00:00;26.0;
2025-11-04T09:17:22+00:00;25.5;
2025-11-04T09:53:36+00:00;25.0;
2025-11-04T10:29:36+00:00;24.5;
2025-11-04T10:41:45+00:00;25.0;
2025-11-04T11:42:00+00:00;24.5;
2025-11-04T12:48:14+00:00;24.0;
2025-11-04T13:41:32+00:00;23.0;
2025-11-04T15:00:46+00:00;22.5;
2025-11-04T15:56:30+00:00;22.0;
2025-11-04T15:59:45+00:00;21.5;
2025-11-04T16:01:27+00:00;21.0;
2025-11-04T16:06:34+00:00;20.5;
2025-11-04T16:11:23+00:00;20.0;
2025-11-04T21:24:05+00:00;20.0;
2025-11-04T21:28:01+00:00;20.5;
2025-11-04T21:31:57+00:00;20.0;
2025-11-04T21:34:54+00:00;20.0;
2025-11-04T21:36:52+00:00;20.5;
2025-11-04T22:15:43+00:00;21.5;
2025-11-04T22:54:06+00:00;22.0;
2025-11-04T22:55:46+00:00;22.5;
2025-11-04T22:58:46+00:00;22.0;
2025-11-04T23:03:53+00:00;25.5;
2025-11-04T23:06:22+00:00;26.0;
2025-11-04T23:08:21+00:00;26.5;
2025-11-04T23:20:52+00:00;27.0;
2025-11-05T00:05:10+00:00;27.5;
2025-11-05T00:07:37+00:00;28.0;
2025-11-05T00:09:15+00:00;27.5;
2025-11-05T01:52:09+00:00;28.5;
2025-11-05T01:55:47+00:00;28.0;
2025-11-05T02:11:27+00:00;27.5;
2025-11-05T02:17:42+00:00;28.0;
2025-11-05T02:24:57+00:00;27.5;
2025-11-05T02:43:56+00:00;27.0;
2025-11-05T02:45:17+00:00;27.5;
2025-11-05T02:59:06+00:00;27.0;
2025-11-05T04:17:15+00:00;26.5;
2025-11-05T04:21:18+00:00;27.0;
2025-11-05T04:58:17+00:00;27.0;
2025-11-05T05:03:31+00:00;26.5;
2025-11-05T05:08:38+00:00;26.0;
2025-11-05T05:35:13+00:00;25.5;
2025-11-05T05:45:13+00:00;25.0;
2025-11-05T05:46:40+00:00;24.5;
2025-11-05T05:51:47+00:00;24.0;
2025-11-05T06:16:31+00:00;23.0;
2025-11-05T06:17:47+00:00;22.5;
2025-11-05T06:21:03+00:00;22.0;
2025-11-05T06:44:02+00:00;21.5;
2025-11-05T06:49:20+00:00;20.5;
2025-11-05T06:50:55+00:00;21.0;
2025-11-05T06:53:23+00:00;20.5;
2025-11-05T06:56:35+00:00;21.0;
2025-11-05T07:07:07+00:00;20.5;
2025-11-05T07:15:18+00:00;21.0;
2025-11-05T07:16:52+00:00;21.5;
2025-11-05T07:29:20+00:00;22.0;
2025-11-05T07:38:54+00:00;21.5;
2025-11-05T08:00:33+00:00;21.0;
2025-11-05T08:30:25+00:00;20.0;
2025-11-05T20:02:16+00:00;20.5;
2025-11-05T20:59:20+00:00;21.0;
2025-11-05T21:01:02+00:00;21.5;
2025-11-05T21:22:13+00:00;22.0;
2025-11-05T21:26:29+00:00;21.5;
2025-11-05T21:31:12+00:00;22.0;
2025-11-05T21:46:26+00:00;22.5;
2025-11-05T22:08:28+00:00;23.0;
2025-11-05T22:11:34+00:00;23.5;
2025-11-05T22:45:15+00:00;24.0;
2025-11-05T22:57:49+00:00;25.0;
2025-11-05T23:03:04+00:00;25.0;
2025-11-05T23:03:05+00:00;30.5;
2025-11-05T23:04:02+00:00;31.5;
2025-11-05T23:05:43+00:00;32.0;
2025-11-05T23:15:34+00:00;32.5;
2025-11-05T23:42:12+00:00;33.0;
2025-11-05T23:43:52+00:00;33.5;
2025-11-05T23:47:32+00:00;34.0;
2025-11-05T23:50:13+00:00;33.5;
2025-11-06T00:12:29+00:00;34.0;
2025-11-06T00:28:21+00:00;33.0;
2025-11-06T01:16:54+00:00;32.5;
2025-11-06T01:20:09+00:00;32.0;
2025-11-06T01:48:01+00:00;31.5;
2025-11-06T01:50:28+00:00;31.0;
2025-11-06T02:14:01+00:00;30.5;
2025-11-06T02:15:59+00:00;30.0;
2025-11-06T02:31:11+00:00;29.5;
2025-11-06T02:45:42+00:00;29.0;
2025-11-06T02:50:49+00:00;28.5;
2025-11-06T03:16:10+00:00;29.0;
2025-11-06T03:18:08+00:00;29.5;
2025-11-06T03:34:52+00:00;28.5;
2025-11-06T03:38:40+00:00;29.0;
2025-11-06T03:42:01+00:00;28.5;
2025-11-06T03:50:20+00:00;28.0;
2025-11-06T03:56:24+00:00;28.5;
2025-11-06T03:58:12+00:00;28.0;
2025-11-06T04:00:14+00:00;27.5;
2025-11-06T04:01:08+00:00;26.5;
2025-11-06T04:04:02+00:00;26.0;
2025-11-06T04:13:43+00:00;26.5;
2025-11-06T04:16:30+00:00;25.5;
2025-11-06T04:18:43+00:00;25.0;
2025-11-06T04:23:44+00:00;24.5;
2025-11-06T04:27:36+00:00;25.0;
2025-11-06T04:31:18+00:00;24.5;
2025-11-06T04:34:33+00:00;24.0;
2025-11-06T04:38:17+00:00;24.5;
2025-11-06T04:44:51+00:00;24.0;
2025-11-06T04:45:52+00:00;23.5;
2025-11-06T04:47:19+00:00;23.0;
2025-11-06T05:31:36+00:00;22.0;
2025-11-06T05:37:51+00:00;22.5;
2025-11-06T06:46:35+00:00;22.0;
2025-11-06T06:49:31+00:00;22.5;
2025-11-06T06:51:35+00:00;22.0;
2025-11-06T06:59:00+00:00;22.5;
2025-11-06T07:19:25+00:00;22.0;
2025-11-06T07:42:20+00:00;21.5;
2025-11-06T07:50:33+00:00;22.0;
2025-11-06T08:07:54+00:00;21.5;
2025-11-06T08:15:35+00:00;21.0;
2025-11-06T08:30:01+00:00;20.0;
2025-11-06T14:28:43+00:00;20.5;
2025-11-06T14:30:01+00:00;20.0;
2025-11-06T18:31:10+00:00;20.5;
2025-11-06T18:33:08+00:00;20.0;
2025-11-06T18:36:05+00:00;20.5;
2025-11-06T18:39:02+00:00;20.0;
2025-11-06T18:45:01+00:00;20.6;
2025-11-06T18:58:09+00:00;21.1;
2025-11-06T19:10:10+00:00;20.6;
2025-11-06T19:11:46+00:00;21.1;
2025-11-06T19:41:47+00:00;22.1;
2025-11-06T19:43:48+00:00;21.6;
2025-11-06T19:55:00+00:00;22.1;
2025-11-06T19:58:21+00:00;21.6;
2025-11-06T20:01:52+00:00;22.1;
2025-11-06T20:04:06+00:00;21.6;
2025-11-06T20:24:50+00:00;22.1;
2025-11-06T20:28:33+00:00;21.6;
2025-11-06T20:32:04+00:00;22.1;
2025-11-06T20:42:41+00:00;21.6;
2025-11-06T20:50:52+00:00;22.1;
2025-11-06T21:14:28+00:00;22.1;
2025-11-06T21:26:08+00:00;22.6;
2025-11-06T21:28:47+00:00;22.1;
2025-11-06T21:30:44+00:00;22.6;
2025-11-06T21:33:11+00:00;23.1;
2025-11-06T21:45:23+00:00;23.6;
2025-11-06T21:50:01+00:00;24.1;
2025-11-06T22:14:23+00:00;24.6;
2025-11-06T22:16:22+00:00;25.1;
2025-11-06T22:24:58+00:00;24.6;
2025-11-06T22:29:12+00:00;24.6;
2025-11-06T22:30:45+00:00;25.1;
2025-11-06T22:40:11+00:00;25.6;
2025-11-06T23:02:09+00:00;29.1;
2025-11-06T23:03:46+00:00;30.1;
2025-11-06T23:05:26+00:00;30.6;
2025-11-06T23:17:15+00:00;31.1;
2025-11-06T23:29:59+00:00;31.6;
2025-11-06T23:34:48+00:00;32.1;
2025-11-07T00:06:07+00:00;31.6;
2025-11-07T00:10:02+00:00;32.1;
2025-11-07T00:13:58+00:00;31.6;
2025-11-07T00:23:36+00:00;31.6;
2025-11-07T00:26:00+00:00;32.1;
2025-11-07T00:29:39+00:00;31.6;
2025-11-07T01:10:35+00:00;31.1;
2025-11-07T01:15:47+00:00;30.6;
2025-11-07T01:54:34+00:00;30.1;
2025-11-07T02:13:40+00:00;29.6;
2025-11-07T02:18:59+00:00;30.1;
2025-11-07T02:27:49+00:00;29.6;
2025-11-07T02:56:41+00:00;29.1;
2025-11-07T02:59:56+00:00;28.6;
2025-11-07T03:17:12+00:00;28.6;
2025-11-07T03:28:20+00:00;29.1;
2025-11-07T03:31:49+00:00;28.6;
2025-11-07T04:15:23+00:00;28.1;
2025-11-07T04:20:30+00:00;27.6;
2025-11-07T04:35:43+00:00;27.1;
2025-11-07T05:31:40+00:00;26.6;
2025-11-07T05:36:47+00:00;26.1;
2025-11-07T05:45:18+00:00;25.6;
2025-11-07T05:47:53+00:00;23.1;
2025-11-07T05:52:25+00:00;22.1;
2025-11-07T05:58:58+00:00;22.6;
2025-11-07T06:15:34+00:00;22.1;
2025-11-07T06:17:01+00:00;21.6;
2025-11-07T06:22:08+00:00;21.1;
2025-11-07T06:30:01+00:00;20.0;
2025-11-07T08:00:00+00:00;20.0;
2025-11-07T08:00:01+00:00;23.2;
2025-11-07T08:02:20+00:00;22.7;
2025-11-07T08:19:41+00:00;23.2;
2025-11-07T08:36:23+00:00;22.7;
2025-11-07T10:49:07+00:00;21.7;
2025-11-07T11:19:25+00:00;22.2;
2025-11-07T11:41:20+00:00;21.7;
2025-11-07T11:45:52+00:00;21.2;
2025-11-07T12:03:36+00:00;20.7;
2025-11-07T12:24:14+00:00;20.2;
2025-11-07T17:54:51+00:00;20.7;
2025-11-07T17:58:48+00:00;21.2;
2025-11-07T18:02:21+00:00;23.7;
2025-11-07T18:03:29+00:00;24.2;
2025-11-07T18:05:56+00:00;24.7;
2025-11-07T18:30:21+00:00;25.7;
2025-11-07T18:31:29+00:00;26.2;
2025-11-07T18:33:56+00:00;26.7;
2025-11-07T18:36:34+00:00;27.2;
2025-11-07T18:40:16+00:00;27.7;
2025-11-07T18:44:01+00:00;27.2;
2025-11-07T18:45:26+00:00;27.7;
2025-11-07T18:46:54+00:00;28.2;
2025-11-07T18:48:35+00:00;28.7;
2025-11-07T18:51:47+00:00;29.2;
2025-11-07T19:17:13+00:00;28.7;
2025-11-07T19:31:57+00:00;29.2;
2025-11-07T19:47:21+00:00;31.2;
2025-11-07T19:52:28+00:00;31.7;
2025-11-07T20:03:49+00:00;31.2;
2025-11-07T20:16:47+00:00;30.2;
2025-11-07T20:20:22+00:00;29.7;
2025-11-07T20:30:09+00:00;30.2;
2025-11-07T20:30:58+00:00;30.7;
2025-11-07T20:34:38+00:00;31.2;
2025-11-07T20:48:24+00:00;31.7;
2025-11-07T21:12:08+00:00;31.2;
2025-11-07T21:49:45+00:00;30.2;
2025-11-07T21:56:41+00:00;30.7;
2025-11-07T22:01:22+00:00;30.2;
2025-11-07T22:18:30+00:00;29.7;
2025-11-07T22:42:05+00:00;29.2;
2025-11-07T23:00:28+00:00;28.7;
2025-11-07T23:01:30+00:00;28.2;
2025-11-07T23:05:13+00:00;27.7;
2025-11-08T00:06:57+00:00;27.2;
2025-11-08T00:16:00+00:00;27.7;
2025-11-08T00:19:36+00:00;27.2;
2025-11-08T01:30:33+00:00;28.2;
2025-11-08T01:33:49+00:00;28.7;
2025-11-08T01:51:26+00:00;29.2;
2025-11-08T01:57:27+00:00;29.7;
2025-11-08T02:10:19+00:00;29.2;
2025-11-08T02:12:23+00:00;29.7;
2025-11-08T03:25:05+00:00;30.2;
2025-11-08T03:30:10+00:00;30.7;
2025-11-08T03:33:41+00:00;30.2;
2025-11-08T03:39:54+00:00;30.7;
2025-11-08T04:07:46+00:00;30.7;
2025-11-08T04:16:22+00:00;30.2;
2025-11-08T04:24:50+00:00;30.7;
2025-11-08T04:28:45+00:00;30.2;
2025-11-08T04:31:11+00:00;30.7;
2025-11-08T04:49:09+00:00;30.2;
2025-11-08T04:51:55+00:00;29.7;
2025-11-08T05:15:21+00:00;30.2;
2025-11-08T05:22:04+00:00;30.7;
2025-11-08T05:33:41+00:00;30.2;
2025-11-08T05:36:25+00:00;30.7;
2025-11-08T05:54:47+00:00;29.7;
2025-11-08T06:23:26+00:00;29.2;
2025-11-08T06:29:41+00:00;29.7;
2025-11-08T06:33:37+00:00;29.2;
2025-11-08T06:46:03+00:00;28.7;
2025-11-08T06:53:17+00:00;28.2;
2025-11-08T07:06:43+00:00;28.7;
2025-11-08T07:30:21+00:00;28.2;
2025-11-08T07:31:38+00:00;27.7;
2025-11-08T07:34:53+00:00;27.2;
2025-11-08T07:39:43+00:00;27.7;
2025-11-08T08:02:12+00:00;26.7;
2025-11-08T08:16:53+00:00;26.2;
2025-11-08T08:34:41+00:00;25.7;
2025-11-08T08:48:16+00:00;25.2;
2025-11-08T08:58:49+00:00;24.7;
2025-11-08T09:01:17+00:00;24.2;
2025-11-08T09:30:03+00:00;23.7;
2025-11-08T09:43:29+00:00;23.2;
2025-11-08T10:25:06+00:00;22.7;
2025-11-08T10:28:46+00:00;22.2;
2025-11-08T10:31:25+00:00;21.7;
2025-11-08T11:44:56+00:00;22.7;
2025-11-08T12:08:48+00:00;23.2;
2025-11-08T12:11:26+00:00;22.7;
2025-11-08T12:18:23+00:00;23.2;
2025-11-08T12:32:42+00:00;22.7;
2025-11-08T12:44:29+00:00;23.2;
2025-11-08T12:47:41+00:00;22.7;
2025-11-08T12:51:21+00:00;22.2;
2025-11-08T13:02:41+00:00;21.7;
2025-11-08T13:18:35+00:00;21.2;
2025-11-08T13:30:01+00:00;20.0;
2025-11-08T14:30:01+00:00;20.0;
2025-11-08T17:13:19+00:00;20.5;
2025-11-08T17:17:15+00:00;20.0;
2025-11-08T17:19:13+00:00;20.5;
2025-11-08T17:22:10+00:00;20.5;
2025-11-08T17:24:07+00:00;20.0;
2025-11-08T17:27:04+00:00;20.0;
2025-11-08T17:30:01+00:00;23.1;
2025-11-08T17:46:47+00:00;24.6;
2025-11-08T17:48:16+00:00;25.1;
2025-11-08T17:52:57+00:00;21.6;
2025-11-08T18:03:59+00:00;20.6;
2025-11-08T18:16:37+00:00;22.1;
2025-11-08T18:17:53+00:00;22.6;
2025-11-08T18:21:08+00:00;23.1;
2025-11-08T18:25:07+00:00;22.6;
2025-11-08T18:31:47+00:00;23.1;
2025-11-08T18:34:14+00:00;23.6;
2025-11-08T18:45:29+00:00;24.1;
2025-11-08T18:46:38+00:00;24.6;
2025-11-08T18:49:05+00:00;25.1;
2025-11-08T19:05:20+00:00;26.1;
2025-11-08T19:07:57+00:00;25.6;
2025-11-08T19:14:49+00:00;26.1;
2025-11-08T19:19:08+00:00;26.6;
2025-11-08T19:32:18+00:00;28.6;
2025-11-08T19:33:59+00:00;29.1;
2025-11-08T19:45:13+00:00;29.6;
2025-11-08T19:46:40+00:00;30.1;
2025-11-08T19:51:50+00:00;30.6;
2025-11-08T19:53:17+00:00;31.1;
2025-11-08T20:29:53+00:00;30.6;
2025-11-08T20:35:59+00:00;31.6;
2025-11-08T20:51:43+00:00;31.1;
2025-11-08T21:29:00+00:00;30.6;
2025-11-08T21:31:48+00:00;30.1;
2025-11-08T21:59:35+00:00;29.6;
2025-11-08T22:04:43+00:00;29.1;
2025-11-08T22:45:09+00:00;28.6;
2025-11-08T22:50:16+00:00;28.1;
2025-11-08T23:03:17+00:00;27.6;
2025-11-08T23:20:08+00:00;28.1;
2025-11-08T23:22:02+00:00;27.6;
2025-11-08T23:51:04+00:00;27.6;
2025-11-09T00:03:04+00:00;28.1;
2025-11-09T00:11:54+00:00;27.6;
2025-11-09T00:19:07+00:00;28.1;
2025-11-09T00:26:48+00:00;27.6;
2025-11-09T00:34:31+00:00;28.1;
2025-11-09T00:37:05+00:00;27.6;
2025-11-09T00:38:20+00:00;28.1;
2025-11-09T01:30:48+00:00;28.6;
2025-11-09T01:49:59+00:00;29.1;
2025-11-09T02:17:51+00:00;28.1;
2025-11-09T02:22:15+00:00;28.6;
2025-11-09T02:42:46+00:00;28.1;
2025-11-09T03:03:21+00:00;28.6;
2025-11-09T03:17:50+00:00;28.1;
2025-11-09T03:23:10+00:00;28.6;
2025-11-09T03:25:03+00:00;28.1;
2025-11-09T03:53:07+00:00;28.6;
2025-11-09T04:07:25+00:00;28.1;
2025-11-09T04:14:31+00:00;28.6;
2025-11-09T04:37:09+00:00;29.1;
2025-11-09T05:08:41+00:00;29.1;
2025-11-09T06:04:00+00:00;29.6;
2025-11-09T07:08:14+00:00;30.1;
2025-11-09T07:39:11+00:00;29.6;
2025-11-09T08:23:51+00:00;29.1;
2025-11-09T08:33:58+00:00;28.6;
2025-11-09T08:46:46+00:00;28.1;
2025-11-09T09:02:13+00:00;25.6;
2025-11-09T09:03:15+00:00;25.1;
2025-11-09T09:05:14+00:00;24.6;
2025-11-09T09:15:26+00:00;24.1;
2025-11-09T09:22:29+00:00;23.1;
2025-11-09T09:36:55+00:00;22.6;
2025-11-09T09:46:09+00:00;22.1;
2025-11-09T09:48:36+00:00;21.6;
2025-11-09T09:52:35+00:00;21.1;
2025-11-09T09:54:34+00:00;20.6;
2025-11-09T10:19:09+00:00;21.1;
2025-11-09T10:35:09+00:00;20.6;
2025-11-09T10:45:01+00:00;20.0;
2025-11-09T11:15:01+00:00;20.7;
2025-11-09T11:51:57+00:00;20.2;
2025-11-09T12:05:13+00:00;21.2;
2025-11-09T12:55:38+00:00;21.7;
2025-11-09T13:48:33+00:00;22.2;
2025-11-09T14:16:53+00:00;21.7;
2025-11-09T14:19:11+00:00;22.2;
2025-11-09T14:24:18+00:00;22.7;
2025-11-09T14:31:06+00:00;22.2;
2025-11-09T14:45:01+00:00;20.0;
2025-11-09T18:15:00+00:00;20.0;
2025-11-09T18:15:01+00:00;24.8;
2025-11-09T18:29:26+00:00;25.3;
2025-11-09T18:33:05+00:00;26.3;
2025-11-09T18:46:53+00:00;26.8;
2025-11-09T19:08:49+00:00;27.3;
2025-11-09T19:13:56+00:00;27.8;
2025-11-09T19:30:20+00:00;28.3;
2025-11-09T19:33:56+00:00;28.8;
2025-11-09T19:46:48+00:00;30.3;
2025-11-09T19:48:04+00:00;30.8;
2025-11-09T19:51:20+00:00;31.3;
2025-11-09T20:16:17+00:00;30.8;
2025-11-09T20:19:32+00:00;30.3;
2025-11-09T20:46:15+00:00;31.8;
2025-11-09T20:47:55+00:00;32.3;
2025-11-09T21:17:40+00:00;32.8;
2025-11-09T21:49:07+00:00;33.3;
2025-11-09T21:55:01+00:00;32.8;
2025-11-09T22:00:09+00:00;32.3;
2025-11-09T22:18:13+00:00;31.8;
2025-11-09T22:20:40+00:00;31.3;
2025-11-09T22:40:20+00:00;30.8;
2025-11-09T22:45:27+00:00;30.3;
2025-11-09T23:00:24+00:00;31.3;
2025-11-09T23:05:22+00:00;35.8;
2025-11-09T23:10:28+00:00;36.3;
2025-11-09T23:25:01+00:00;35.8;
2025-11-10T00:20:12+00:00;35.3;
2025-11-10T00:43:24+00:00;34.8;
2025-11-10T00:45:23+00:00;34.3;
2025-11-10T01:09:59+00:00;33.8;
2025-11-10T01:12:26+00:00;33.3;
2025-11-10T01:40:43+00:00;32.8;
2025-11-10T01:42:23+00:00;32.3;
2025-11-10T04:31:09+00:00;31.3;
2025-11-10T04:34:10+00:00;30.3;
2025-11-10T04:43:38+00:00;29.8;
2025-11-10T04:46:16+00:00;28.8;
2025-11-10T04:48:04+00:00;27.8;
2025-11-10T04:50:29+00:00;27.3;
2025-11-10T04:59:44+00:00;26.8;
2025-11-10T05:16:30+00:00;24.3;
2025-11-10T05:18:29+00:00;22.8;
2025-11-10T05:19:56+00:00;22.3;
2025-11-10T05:30:01+00:00;20.0;
2025-11-10T08:10:31+00:00;20.0;
2025-11-10T08:10:32+00:00;24.2;
2025-11-10T08:11:48+00:00;23.7;
2025-11-10T08:15:01+00:00;20.0;
2025-11-10T09:01:25+00:00;20.9;
2025-11-10T09:06:20+00:00;20.8;
2025-11-10T09:11:35+00:00;20.8;
2025-11-10T09:15:01+00:00;20.0;
2025-11-10T09:41:04+00:00;20.7;
2025-11-10T09:45:00+00:00;20.8;
2025-11-10T09:46:25+00:00;21.8;
2025-11-10T09:51:56+00:00;22.8;
2025-11-10T10:16:30+00:00;21.8;
2025-11-10T10:17:57+00:00;21.3;
2025-11-10T10:23:04+00:00;20.8;
2025-11-10T10:31:09+00:00;21.3;
2025-11-10T10:32:47+00:00;21.8;
2025-11-10T10:35:00+00:00;22.3;
2025-11-10T10:38:54+00:00;22.8;
2025-11-10T10:49:04+00:00;23.3;
2025-11-10T11:19:07+00:00;23.8;
2025-11-10T11:32:54+00:00;24.3;
2025-11-10T11:45:50+00:00;25.3;
2025-11-10T12:02:00+00:00;24.8;
2025-11-10T12:09:05+00:00;24.3;
2025-11-10T12:31:23+00:00;24.8;
2025-11-10T13:02:27+00:00;25.3;
2025-11-10T13:10:48+00:00;25.8;
2025-11-10T13:26:20+00:00;26.3;
2025-11-10T13:30:47+00:00;25.3;
2025-11-10T13:31:53+00:00;24.3;
2025-11-10T13:33:34+00:00;23.8;
2025-11-10T13:36:45+00:00;23.3;
2025-11-10T13:45:01+00:00;20.0;
2025-11-10T14:29:17+00:00;20.0;
2025-11-10T14:29:18+00:00;25.6;
2025-11-10T14:31:26+00:00;24.1;
2025-11-10T14:32:11+00:00;23.6;
2025-11-10T14:33:19+00:00;23.1;
2025-11-10T14:35:46+00:00;22.6;
2025-11-10T14:42:28+00:00;22.1;
2025-11-10T14:45:01+00:00;20.0;
2025-11-10T15:15:01+00:00;22.5;
2025-11-10T15:34:40+00:00;22.0;
2025-11-10T15:45:01+00:00;20.0;
2025-11-10T15:56:41+00:00;20.0;
2025-11-10T16:02:35+00:00;20.0;
2025-11-10T16:05:32+00:00;20.0;
2025-11-10T16:13:44+00:00;20.0;
2025-11-10T16:16:41+00:00;20.0;
2025-11-10T16:18:39+00:00;20.6;
2025-11-10T16:19:38+00:00;20.0;
2025-11-10T16:26:30+00:00;20.0;
2025-11-10T16:33:23+00:00;20.6;
2025-11-10T16:36:20+00:00;20.0;
2025-11-10T16:45:01+00:00;21.0;
2025-11-10T17:03:47+00:00;20.5;
2025-11-10T17:23:21+00:00;21.0;
2025-11-10T17:25:20+00:00;21.5;
2025-11-10T17:33:32+00:00;26.5;
2025-11-10T17:34:41+00:00;27.0;
2025-11-10T17:37:08+00:00;27.5;
2025-11-10T17:45:34+00:00;28.0;
2025-11-10T17:46:51+00:00;28.5;
2025-11-10T17:50:06+00:00;29.0;
2025-11-10T18:16:59+00:00;28.5;
2025-11-10T18:30:19+00:00;29.5;
2025-11-10T18:31:07+00:00;30.0;
2025-11-10T18:32:24+00:00;30.5;
2025-11-10T18:49:07+00:00;31.0;
2025-11-10T19:18:13+00:00;30.5;
2025-11-10T19:45:53+00:00;31.0;
2025-11-10T19:47:02+00:00;31.5;
2025-11-10T19:49:29+00:00;32.0;
2025-11-10T19:55:41+00:00;32.5;
2025-11-10T20:18:30+00:00;32.0;
2025-11-10T20:32:53+00:00;32.5;
2025-11-10T20:59:26+00:00;32.5;
2025-11-10T21:01:56+00:00;33.0;
2025-11-10T21:04:01+00:00;33.5;
2025-11-10T21:16:19+00:00;34.5;
2025-11-10T21:17:28+00:00;35.0;
2025-11-10T21:19:55+00:00;35.5;
2025-11-10T21:25:49+00:00;36.0;
2025-11-10T21:33:07+00:00;36.5;
2025-11-10T21:41:02+00:00;36.0;
2025-11-10T21:45:36+00:00;36.5;
2025-11-10T22:10:09+00:00;36.5;
2025-11-10T22:18:07+00:00;37.0;
2025-11-10T22:36:55+00:00;37.5;
2025-11-10T22:46:09+00:00;38.0;
2025-11-10T22:48:36+00:00;38.5;
2025-11-10T23:00:15+00:00;38.0;
2025-11-10T23:04:10+00:00;33.5;
2025-11-10T23:05:27+00:00;33.0;
2025-11-10T23:08:42+00:00;32.5;
2025-11-10T23:17:44+00:00;33.0;
2025-11-10T23:26:27+00:00;33.5;
2025-11-10T23:47:45+00:00;34.0;
2025-11-11T00:15:34+00:00;35.0;
2025-11-11T00:17:01+00:00;35.5;
2025-11-11T00:20:18+00:00;36.0;
2025-11-11T00:21:58+00:00;36.5;
2025-11-11T00:34:20+00:00;37.0;
2025-11-11T00:48:12+00:00;37.5;
2025-11-11T01:27:03+00:00;38.0;
2025-11-11T01:30:25+00:00;38.5;
2025-11-11T01:35:32+00:00;39.0;
2025-11-11T01:46:27+00:00;39.5;
2025-11-11T02:07:08+00:00;40.0;
2025-11-11T02:13:55+00:00;41.0;
2025-11-11T02:51:16+00:00;41.5;
2025-11-11T02:55:45+00:00;42.0;
2025-11-11T03:16:31+00:00;42.5;
2025-11-11T03:24:01+00:00;43.0;
2025-11-11T03:31:21+00:00;42.5;
2025-11-11T03:33:23+00:00;42.0;
2025-11-11T03:47:24+00:00;41.5;
2025-11-11T04:16:23+00:00;42.5;
2025-11-11T04:18:40+00:00;43.5;
2025-11-11T04:31:55+00:00;43.0;
2025-11-11T04:37:02+00:00;42.5;
2025-11-11T04:45:37+00:00;42.0;
2025-11-11T04:46:54+00:00;41.5;
2025-11-11T04:49:08+00:00;41.0;
2025-11-11T04:50:48+00:00;40.5;
2025-11-11T05:11:06+00:00;40.0;
2025-11-11T05:18:16+00:00;39.5;
2025-11-11T05:31:41+00:00;38.0;
2025-11-11T05:32:43+00:00;37.5;
2025-11-11T05:47:57+00:00;33.5;
2025-11-11T05:48:42+00:00;33.0;
2025-11-11T05:50:55+00:00;32.5;
2025-11-11T06:15:39+00:00;33.0;
2025-11-11T06:18:06+00:00;33.5;
2025-11-11T06:31:01+00:00;33.0;
2025-11-11T06:32:28+00:00;32.5;
2025-11-11T06:37:35+00:00;32.0;
2025-11-11T07:00:45+00:00;31.5;
2025-11-11T07:01:53+00:00;31.0;
2025-11-11T07:04:20+00:00;30.5;
2025-11-11T07:27:52+00:00;29.5;
2025-11-11T07:31:48+00:00;30.0;
2025-11-11T07:36:54+00:00;30.5;
2025-11-11T07:46:09+00:00;31.0;
2025-11-11T07:48:36+00:00;31.5;
2025-11-11T08:00:53+00:00;31.0;
2025-11-11T08:06:01+00:00;30.5;
2025-11-11T08:12:59+00:00;30.0;
2025-11-11T08:16:17+00:00;30.5;
2025-11-11T08:17:57+00:00;31.0;
2025-11-11T08:45:42+00:00;31.5;
2025-11-11T08:50:49+00:00;32.0;
2025-11-11T09:05:53+00:00;31.0;
2025-11-11T09:25:55+00:00;30.5;
2025-11-11T09:27:12+00:00;30.0;
2025-11-11T09:34:04+00:00;30.5;
2025-11-11T09:39:17+00:00;30.0;
2025-11-11T10:00:03+00:00;29.5;
2025-11-11T10:10:10+00:00;29.0;
2025-11-11T10:15:39+00:00;28.5;
2025-11-11T10:17:19+00:00;28.0;
2025-11-11T10:28:22+00:00;27.5;
2025-11-11T11:03:50+00:00;27.5;
2025-11-11T11:07:05+00:00;27.0;
2025-11-11T11:16:23+00:00;26.5;
2025-11-11T11:42:27+00:00;26.0;
2025-11-11T11:47:27+00:00;25.5;
2025-11-11T11:50:52+00:00;25.0;
2025-11-11T11:53:19+00:00;24.5;
2025-11-11T12:17:14+00:00;25.0;
2025-11-11T12:30:43+00:00;24.5;
2025-11-11T12:35:33+00:00;24.0;
2025-11-11T12:45:46+00:00;23.5;
2025-11-11T13:30:01+00:00;20.0;
2025-11-11T13:31:59+00:00;20.9;
2025-11-11T13:34:56+00:00;20.9;
2025-11-11T13:40:50+00:00;20.9;
2025-11-11T13:42:48+00:00;20.9;
2025-11-11T13:49:41+00:00;20.5;
2025-11-11T14:30:01+00:00;20.0;
2025-11-11T15:00:01+00:00;20.8;
2025-11-11T15:30:42+00:00;21.3;
2025-11-11T15:35:49+00:00;21.8;
2025-11-11T15:37:45+00:00;21.3;
2025-11-11T15:47:00+00:00;22.3;
2025-11-11T15:48:09+00:00;22.8;
2025-11-11T16:15:01+00:00;20.0;
2025-11-11T16:45:01+00:00;23.0;
2025-11-11T16:53:59+00:00;22.5;
2025-11-11T17:16:55+00:00;23.5;
2025-11-11T17:18:34+00:00;24.0;
2025-11-11T17:30:15+00:00;24.5;
2025-11-11T17:32:14+00:00;25.0;
2025-11-11T17:46:59+00:00;27.5;
2025-11-11T17:49:19+00:00;28.5;
2025-11-11T17:54:26+00:00;29.0;
2025-11-11T18:00:50+00:00;29.5;
2025-11-11T18:02:07+00:00;30.0;
2025-11-11T18:05:22+00:00;30.5;
2025-11-11T18:17:31+00:00;33.0;
2025-11-11T18:18:48+00:00;33.5;
2025-11-11T18:22:03+00:00;34.0;
2025-11-11T19:01:09+00:00;34.5;
2025-11-11T20:11:12+00:00;34.0;
2025-11-11T21:12:21+00:00;33.0;
2025-11-11T21:14:48+00:00;32.5;
2025-11-11T21:31:22+00:00;32.0;
2025-11-11T21:34:37+00:00;31.5;
2025-11-11T21:55:15+00:00;31.0;
2025-11-11T22:22:59+00:00;30.5;
2025-11-11T22:35:45+00:00;30.0;
2025-11-11T22:49:02+00:00;29.5;
2025-11-11T22:51:29+00:00;29.0;
2025-11-11T23:00:01+00:00;20.0;
2025-11-12T01:21:55+00:00;20.9;
2025-11-12T01:58:04+00:00;21.4;
2025-11-12T02:01:11+00:00;21.9;
2025-11-12T02:30:14+00:00;22.4;
2025-11-12T02:31:16+00:00;22.9;
2025-11-12T02:33:15+00:00;23.4;
2025-11-12T03:02:56+00:00;23.9;
2025-11-12T03:04:36+00:00;24.4;
2025-11-12T03:12:58+00:00;24.9;
2025-11-12T03:30:55+00:00;25.4;
2025-11-12T03:36:54+00:00;25.9;
2025-11-12T04:10:56+00:00;26.4;
2025-11-12T04:14:05+00:00;26.9;
2025-11-12T04:59:53+00:00;27.9;
2025-11-12T05:05:10+00:00;27.4;
2025-11-12T05:07:18+00:00;27.9;
2025-11-12T05:18:30+00:00;27.4;
2025-11-12T05:24:37+00:00;27.9;
2025-11-12T05:33:33+00:00;27.4;
2025-11-12T06:27:47+00:00;26.9;
2025-11-12T06:33:52+00:00;26.4;
2025-11-12T06:48:54+00:00;25.9;
2025-11-12T07:36:50+00:00;25.4;
2025-11-12T07:57:37+00:00;24.9;
Wed Nov 12 2025 09:21:52 GMT+0100 (Central European Standard Time);24.9;
