timestamp;[Suction gas (BT17)][°C][40022];
2025-11-09T23:01:16+00:00;16.2;
2025-11-09T23:05:10+00:00;15.7;
2025-11-09T23:08:12+00:00;14.7;
2025-11-09T23:16:49+00:00;12.7;
2025-11-09T23:18:56+00:00;12.2;
2025-11-09T23:24:57+00:00;11.2;
2025-11-09T23:32:37+00:00;10.2;
2025-11-09T23:39:17+00:00;8.7;
2025-11-09T23:48:43+00:00;7.2;
2025-11-09T23:51:56+00:00;6.7;
2025-11-10T00:13:31+00:00;4.7;
2025-11-10T00:15:51+00:00;5.2;
2025-11-10T00:19:19+00:00;4.7;
2025-11-10T00:35:36+00:00;7.2;
2025-11-10T00:48:51+00:00;8.2;
2025-11-10T00:51:00+00:00;8.7;
2025-11-10T00:56:39+00:00;9.2;
2025-11-10T01:09:12+00:00;11.2;
2025-11-10T01:14:49+00:00;12.2;
2025-11-10T01:19:14+00:00;13.2;
2025-11-10T01:22:18+00:00;13.7;
2025-11-10T01:29:18+00:00;15.7;
2025-11-10T03:03:21+00:00;15.7;
2025-11-10T03:13:10+00:00;14.7;
2025-11-10T03:34:38+00:00;13.7;
2025-11-10T03:49:03+00:00;12.7;
2025-11-10T04:03:53+00:00;6.2;
2025-11-10T04:17:55+00:00;6.2;
2025-11-10T04:17:56+00:00;11.7;
2025-11-10T04:28:32+00:00;11.7;
2025-11-10T04:42:52+00:00;12.7;
2025-11-10T04:49:05+00:00;13.7;
2025-11-10T04:54:31+00:00;15.2;
2025-11-10T05:26:16+00:00;18.7;
2025-11-10T05:29:23+00:00;20.2;
2025-11-10T08:07:59+00:00;20.2;
2025-11-10T08:08:00+00:00;21.4;
2025-11-10T10:03:56+00:00;20.9;
2025-11-10T11:41:55+00:00;17.9;
2025-11-10T12:05:12+00:00;15.9;
2025-11-10T12:17:17+00:00;15.4;
2025-11-10T13:00:24+00:00;7.1;
2025-11-10T13:25:33+00:00;7.1;
2025-11-10T13:25:34+00:00;20.1;
2025-11-10T13:35:52+00:00;20.6;
2025-11-10T14:04:31+00:00;5.0;
2025-11-10T14:21:26+00:00;7.0;
2025-11-10T14:30:50+00:00;7.0;
2025-11-10T14:30:51+00:00;22.0;
2025-11-10T14:34:26+00:00;22.0;
2025-11-10T16:44:18+00:00;15.7;
2025-11-10T17:00:33+00:00;5.2;
2025-11-10T17:10:12+00:00;8.2;
2025-11-10T17:12:17+00:00;5.7;
2025-11-10T17:19:30+00:00;3.7;
2025-11-10T17:33:22+00:00;3.7;
2025-11-10T17:41:25+00:00;4.7;
2025-11-10T17:54:37+00:00;4.7;
2025-11-10T17:54:38+00:00;16.7;
2025-11-10T18:00:47+00:00;5.8;
2025-11-10T18:12:34+00:00;7.3;
2025-11-10T18:21:52+00:00;7.3;
2025-11-10T18:21:53+00:00;14.3;
2025-11-10T18:30:18+00:00;15.3;
2025-11-10T18:36:24+00:00;6.1;
2025-11-10T18:47:04+00:00;4.1;
2025-11-10T19:09:51+00:00;4.6;
2025-11-10T19:15:15+00:00;6.1;
2025-11-10T19:22:57+00:00;7.6;
2025-11-10T19:32:38+00:00;7.6;
2025-11-10T19:32:39+00:00;13.1;
2025-11-10T19:34:06+00:00;13.6;
2025-11-10T19:52:34+00:00;11.6;
2025-11-10T20:19:21+00:00;11.6;
2025-11-10T20:26:58+00:00;12.6;
2025-11-10T20:34:04+00:00;13.6;
2025-11-10T20:41:25+00:00;15.1;
2025-11-10T21:08:04+00:00;16.6;
2025-11-10T21:17:18+00:00;16.1;
2025-11-10T21:26:18+00:00;14.6;
2025-11-10T21:33:19+00:00;13.1;
2025-11-10T21:43:24+00:00;12.1;
2025-11-10T22:24:41+00:00;13.1;
2025-11-10T22:58:31+00:00;13.1;
2025-11-10T23:07:22+00:00;14.1;
2025-11-10T23:13:23+00:00;15.6;
2025-11-10T23:25:32+00:00;17.1;
2025-11-11T00:09:34+00:00;16.1;
2025-11-11T00:19:31+00:00;16.6;
2025-11-11T00:34:37+00:00;14.6;
2025-11-11T00:40:06+00:00;13.6;
2025-11-11T00:54:39+00:00;12.1;
2025-11-11T01:01:19+00:00;11.6;
2025-11-11T02:53:18+00:00;10.1;
2025-11-11T03:12:32+00:00;8.6;
2025-11-11T03:23:29+00:00;7.6;
2025-11-11T03:42:37+00:00;6.6;
2025-11-11T04:02:23+00:00;2.4;
2025-11-11T04:13:05+00:00;3.9;
2025-11-11T04:18:41+00:00;6.4;
2025-11-11T04:23:27+00:00;5.4;
2025-11-11T04:27:03+00:00;4.4;
2025-11-11T04:33:03+00:00;2.9;
2025-11-11T04:43:48+00:00;2.9;
2025-11-11T04:43:49+00:00;14.9;
2025-11-11T04:56:01+00:00;5.1;
2025-11-11T04:57:07+00:00;5.6;
2025-11-11T05:07:22+00:00;4.1;
2025-11-11T05:24:35+00:00;5.1;
2025-11-11T05:36:07+00:00;6.6;
2025-11-11T05:43:19+00:00;8.1;
2025-11-11T05:45:25+00:00;8.6;
2025-11-11T05:52:30+00:00;8.6;
2025-11-11T05:52:31+00:00;19.1;
2025-11-11T06:46:24+00:00;21.1;
2025-11-11T07:24:23+00:00;10.6;
2025-11-11T07:26:22+00:00;12.1;
2025-11-11T07:38:09+00:00;12.1;
2025-11-11T07:47:34+00:00;13.6;
2025-11-11T07:48:46+00:00;14.1;
2025-11-11T07:58:17+00:00;16.1;
2025-11-11T08:51:25+00:00;16.6;
2025-11-11T09:09:07+00:00;14.6;
2025-11-11T09:53:29+00:00;14.6;
2025-11-11T10:18:14+00:00;16.1;
2025-11-11T11:12:52+00:00;17.1;
2025-11-11T11:50:47+00:00;9.1;
2025-11-11T11:54:18+00:00;8.8;
2025-11-11T12:15:30+00:00;8.8;
2025-11-11T12:15:31+00:00;20.8;
2025-11-11T12:57:36+00:00;22.3;
2025-11-11T13:32:09+00:00;22.8;
2025-11-11T14:05:12+00:00;6.4;
2025-11-11T14:22:16+00:00;8.4;
2025-11-11T14:35:52+00:00;8.4;
2025-11-11T14:35:53+00:00;22.4;
2025-11-11T14:48:42+00:00;23.4;
2025-11-11T16:43:46+00:00;22.4;
2025-11-11T17:10:18+00:00;5.7;
2025-11-11T17:26:43+00:00;7.2;
2025-11-11T17:38:37+00:00;7.2;
2025-11-11T17:38:38+00:00;16.2;
2025-11-11T17:47:10+00:00;0.0;
2025-11-11T17:50:34+00:00;0.0;
2025-11-11T17:50:35+00:00;6.0;
2025-11-11T18:01:48+00:00;7.5;
2025-11-11T18:09:11+00:00;7.5;
2025-11-11T18:09:12+00:00;15.5;
2025-11-11T18:20:00+00:00;16.0;
2025-11-11T18:28:47+00:00;16.5;
2025-11-11T18:32:29+00:00;6.0;
2025-11-11T18:49:04+00:00;5.0;
2025-11-11T18:54:02+00:00;4.5;
2025-11-11T19:11:35+00:00;5.5;
2025-11-11T19:21:11+00:00;7.5;
2025-11-11T19:29:58+00:00;9.0;
2025-11-11T19:35:00+00:00;12.0;
2025-11-11T19:44:26+00:00;11.5;
2025-11-11T19:53:21+00:00;10.0;
2025-11-11T19:57:51+00:00;9.0;
2025-11-11T20:02:25+00:00;8.0;
2025-11-11T20:10:59+00:00;6.5;
2025-11-11T20:18:15+00:00;5.5;
2025-11-11T20:30:01+00:00;3.5;
2025-11-11T20:37:53+00:00;3.5;
2025-11-11T20:37:54+00:00;15.0;
2025-11-11T20:43:02+00:00;5.7;
2025-11-11T20:47:18+00:00;2.2;
2025-11-11T20:58:12+00:00;1.7;
2025-11-11T21:19:41+00:00;1.7;
2025-11-11T21:28:38+00:00;1.7;
2025-11-11T21:28:39+00:00;16.3;
2025-11-11T21:35:23+00:00;2.5;
2025-11-11T21:45:35+00:00;2.5;
2025-11-11T22:00:46+00:00;4.5;
2025-11-11T22:05:28+00:00;5.5;
2025-11-11T22:17:27+00:00;7.0;
2025-11-11T22:22:37+00:00;8.0;
2025-11-11T22:29:21+00:00;8.0;
2025-11-11T22:29:22+00:00;16.0;
2025-11-11T22:32:10+00:00;17.5;
2025-11-11T22:42:27+00:00;19.0;
2025-11-11T22:55:09+00:00;20.5;
2025-11-11T23:37:55+00:00;21.5;
2025-11-12T03:29:34+00:00;21.0;
2025-11-12T04:04:57+00:00;5.8;
2025-11-12T04:19:45+00:00;5.8;
2025-11-12T04:19:46+00:00;10.8;
2025-11-12T04:44:22+00:00;11.3;
2025-11-12T04:59:20+00:00;13.3;
2025-11-12T05:05:12+00:00;14.3;
2025-11-12T05:09:36+00:00;15.3;
2025-11-12T06:57:52+00:00;16.3;
2025-11-12T07:04:59+00:00;19.8;
2025-11-12T07:08:45+00:00;20.8;
2025-11-12T08:21:41+00:00;21.8;
2025-11-12T08:49:17+00:00;17.5;
2025-11-12T10:32:51+00:00;17.5;
2025-11-12T10:32:52+00:00;19.5;
2025-11-12T10:36:43+00:00;21.5;
2025-11-12T10:44:26+00:00;22.5;
2025-11-12T11:29:34+00:00;22.5;
2025-11-12T12:41:23+00:00;17.3;
2025-11-12T13:19:56+00:00;16.3;
2025-11-12T13:49:02+00:00;6.7;
2025-11-12T14:07:36+00:00;5.3;
2025-11-12T14:17:47+00:00;7.3;
2025-11-12T14:23:59+00:00;10.8;
2025-11-12T14:32:56+00:00;10.8;
2025-11-12T14:32:57+00:00;21.3;
2025-11-12T14:51:16+00:00;21.8;
2025-11-12T16:48:47+00:00;5.5;
2025-11-12T16:50:59+00:00;6.5;
2025-11-12T16:59:00+00:00;5.5;
2025-11-12T17:07:26+00:00;3.5;
2025-11-12T17:11:16+00:00;3.0;
2025-11-12T17:23:33+00:00;4.0;
2025-11-12T17:32:25+00:00;5.5;
2025-11-12T17:45:32+00:00;5.5;
2025-11-12T17:45:33+00:00;19.2;
2025-11-12T17:51:05+00:00;5.6;
2025-11-12T18:11:44+00:00;7.1;
2025-11-12T18:19:24+00:00;8.6;
2025-11-12T18:25:24+00:00;8.6;
2025-11-12T18:25:25+00:00;15.6;
2025-11-12T18:29:05+00:00;17.1;
2025-11-12T18:34:37+00:00;17.6;
2025-11-12T18:45:02+00:00;19.1;
2025-11-12T19:02:11+00:00;20.6;
2025-11-12T19:22:31+00:00;21.1;
2025-11-12T19:34:25+00:00;5.5;
2025-11-12T19:57:54+00:00;5.5;
2025-11-12T20:06:23+00:00;5.5;
2025-11-12T20:06:24+00:00;15.5;
2025-11-12T20:18:35+00:00;15.5;
2025-11-12T20:24:53+00:00;14.0;
2025-11-12T20:40:01+00:00;12.0;
2025-11-12T21:05:20+00:00;12.5;
2025-11-12T21:15:24+00:00;13.5;
2025-11-12T21:23:03+00:00;14.5;
2025-11-12T21:34:26+00:00;16.5;
2025-11-12T23:42:51+00:00;17.0;
2025-11-12T23:48:45+00:00;20.5;
2025-11-12T23:52:05+00:00;21.0;
2025-11-13T01:41:54+00:00;16.4;
2025-11-13T01:48:00+00:00;15.4;
2025-11-13T02:03:17+00:00;13.9;
2025-11-13T02:24:51+00:00;15.4;
2025-11-13T02:30:35+00:00;15.9;
2025-11-13T04:04:15+00:00;5.7;
2025-11-13T04:23:05+00:00;7.7;
2025-11-13T04:28:11+00:00;7.7;
2025-11-13T04:28:12+00:00;13.7;
2025-11-13T04:34:21+00:00;15.2;
2025-11-13T05:09:39+00:00;19.2;
2025-11-13T05:14:24+00:00;20.7;
2025-11-13T05:23:32+00:00;21.2;
2025-11-13T09:20:57+00:00;21.2;
2025-11-13T09:20:58+00:00;22.9;
2025-11-13T09:29:46+00:00;8.0;
2025-11-13T09:47:19+00:00;9.5;
2025-11-13T10:04:59+00:00;9.5;
2025-11-13T10:05:00+00:00;21.0;
2025-11-13T10:14:32+00:00;23.0;
2025-11-13T12:28:41+00:00;21.5;
2025-11-13T12:32:03+00:00;16.7;
2025-11-13T13:00:06+00:00;16.2;
2025-11-13T13:52:19+00:00;20.7;
2025-11-13T14:03:46+00:00;4.9;
2025-11-13T14:19:02+00:00;6.9;
2025-11-13T14:25:58+00:00;4.4;
2025-11-13T14:35:57+00:00;5.9;
2025-11-13T14:44:12+00:00;9.4;
2025-11-13T14:48:50+00:00;9.4;
2025-11-13T14:48:51+00:00;15.4;
2025-11-13T14:57:44+00:00;17.9;
2025-11-13T15:01:13+00:00;19.4;
2025-11-13T15:05:37+00:00;20.9;
2025-11-13T15:10:34+00:00;21.9;
2025-11-13T15:34:10+00:00;22.9;
2025-11-13T15:40:16+00:00;16.1;
2025-11-13T16:00:43+00:00;17.6;
2025-11-13T16:31:33+00:00;5.7;
2025-11-13T16:45:09+00:00;7.7;
2025-11-13T16:53:09+00:00;7.7;
2025-11-13T16:53:10+00:00;16.2;
2025-11-13T17:15:47+00:00;17.7;
2025-11-13T17:21:40+00:00;5.5;
2025-11-13T17:36:54+00:00;6.5;
2025-11-13T17:42:17+00:00;8.0;
2025-11-13T17:47:06+00:00;8.0;
2025-11-13T17:47:07+00:00;14.5;
2025-11-13T17:56:41+00:00;17.5;
2025-11-13T18:00:09+00:00;19.0;
2025-11-13T18:03:17+00:00;20.5;
2025-11-13T18:10:31+00:00;22.0;
2025-11-13T19:17:22+00:00;15.3;
2025-11-13T19:31:35+00:00;15.8;
2025-11-13T23:42:56+00:00;14.8;
2025-11-13T23:55:49+00:00;13.8;
2025-11-14T00:09:45+00:00;12.3;
2025-11-14T00:13:54+00:00;11.3;
2025-11-14T00:22:46+00:00;9.8;
2025-11-14T00:28:31+00:00;9.8;
2025-11-14T00:33:57+00:00;7.8;
2025-11-14T00:40:49+00:00;6.3;
2025-11-14T00:43:55+00:00;5.8;
2025-11-14T00:52:51+00:00;4.3;
2025-11-14T01:00:48+00:00;2.8;
2025-11-14T01:13:48+00:00;1.3;
2025-11-14T01:15:13+00:00;1.8;
2025-11-14T01:19:56+00:00;0.8;
2025-11-14T01:31:25+00:00;0.8;
2025-11-14T01:38:08+00:00;0.8;
2025-11-14T01:38:09+00:00;13.9;
2025-11-14T01:43:29+00:00;4.1;
2025-11-14T01:47:19+00:00;1.8;
2025-11-14T02:01:31+00:00;1.3;
2025-11-14T02:40:48+00:00;1.8;
2025-11-14T02:48:38+00:00;1.8;
2025-11-14T02:48:39+00:00;18.8;
2025-11-14T02:54:30+00:00;2.2;
2025-11-14T02:56:30+00:00;2.7;
2025-11-14T03:26:48+00:00;1.7;
2025-11-14T03:47:28+00:00;1.2;
2025-11-14T03:55:10+00:00;1.2;
2025-11-14T03:55:11+00:00;17.4;
2025-11-14T04:09:25+00:00;6.5;
2025-11-14T04:18:16+00:00;4.5;
2025-11-14T04:23:10+00:00;4.5;
2025-11-14T04:35:29+00:00;2.5;
2025-11-14T04:44:24+00:00;1.5;
2025-11-14T05:07:28+00:00;1.5;
2025-11-14T05:07:29+00:00;18.3;
2025-11-14T05:10:06+00:00;-2.2;
2025-11-14T05:15:59+00:00;2.5;
2025-11-14T05:19:19+00:00;2.5;
2025-11-14T05:32:30+00:00;2.0;
2025-11-14T05:40:35+00:00;2.0;
2025-11-14T05:40:36+00:00;12.5;
2025-11-14T06:11:50+00:00;8.8;
2025-11-14T06:31:42+00:00;8.8;
2025-11-14T06:31:43+00:00;20.3;
2025-11-14T06:43:57+00:00;20.3;
2025-11-14T06:58:01+00:00;21.8;
2025-11-14T07:18:38+00:00;22.8;
2025-11-14T07:38:02+00:00;23.3;
2025-11-14T10:43:00+00:00;21.3;
2025-11-14T12:03:17+00:00;5.9;
2025-11-14T12:13:52+00:00;7.4;
2025-11-14T12:18:18+00:00;8.4;
2025-11-14T12:22:54+00:00;9.4;
2025-11-14T12:33:25+00:00;11.4;
2025-11-14T12:35:35+00:00;11.9;
2025-11-14T12:44:58+00:00;14.4;
2025-11-14T12:54:02+00:00;6.5;
2025-11-14T12:58:18+00:00;5.9;
2025-11-14T13:20:31+00:00;6.9;
2025-11-14T13:47:06+00:00;6.9;
2025-11-14T13:47:07+00:00;21.4;
2025-11-14T14:03:22+00:00;4.0;
2025-11-14T14:22:08+00:00;7.0;
2025-11-14T14:25:38+00:00;7.5;
2025-11-14T14:34:23+00:00;7.5;
2025-11-14T14:34:24+00:00;19.0;
2025-11-14T14:41:21+00:00;21.0;
2025-11-14T16:04:45+00:00;16.4;
2025-11-14T16:09:01+00:00;14.4;
2025-11-14T16:22:25+00:00;12.9;
2025-11-14T16:25:46+00:00;11.9;
2025-11-14T16:30:06+00:00;10.9;
2025-11-14T16:40:43+00:00;8.9;
2025-11-14T16:49:44+00:00;7.9;
2025-11-14T16:55:14+00:00;6.9;
2025-11-14T17:00:26+00:00;5.9;
2025-11-14T17:06:05+00:00;4.9;
2025-11-14T17:16:08+00:00;3.4;
2025-11-14T17:25:56+00:00;1.9;
2025-11-14T17:33:57+00:00;5.0;
2025-11-14T17:35:37+00:00;4.0;
2025-11-14T17:45:42+00:00;6.0;
2025-11-14T17:55:40+00:00;6.0;
2025-11-14T17:55:41+00:00;12.4;
2025-11-14T18:02:02+00:00;5.4;
2025-11-14T18:06:49+00:00;3.4;
2025-11-14T18:12:14+00:00;4.4;
2025-11-14T18:32:19+00:00;3.9;
2025-11-14T18:41:18+00:00;5.4;
2025-11-14T18:41:42+00:00;5.9;
2025-11-14T18:53:17+00:00;7.4;
2025-11-14T19:01:39+00:00;9.4;
2025-11-14T19:03:39+00:00;5.9;
2025-11-14T19:13:28+00:00;3.9;
2025-11-14T19:21:11+00:00;3.9;
2025-11-14T19:21:12+00:00;12.4;
2025-11-14T19:30:03+00:00;3.1;
2025-11-14T19:35:49+00:00;1.6;
2025-11-14T19:38:25+00:00;1.1;
2025-11-14T20:23:07+00:00;1.6;
2025-11-14T20:31:55+00:00;1.6;
2025-11-14T20:31:56+00:00;16.6;
2025-11-14T20:36:32+00:00;0.8;
2025-11-14T20:50:00+00:00;1.8;
2025-11-14T21:31:45+00:00;1.3;
2025-11-14T21:40:35+00:00;1.3;
2025-11-14T21:40:36+00:00;16.3;
2025-11-14T21:42:50+00:00;7.3;
2025-11-14T21:48:00+00:00;1.6;
2025-11-14T21:52:48+00:00;2.6;
2025-11-14T22:08:58+00:00;4.1;
2025-11-14T22:19:26+00:00;5.1;
2025-11-14T22:28:37+00:00;6.6;
2025-11-14T22:32:25+00:00;7.6;
2025-11-14T22:39:48+00:00;7.6;
2025-11-14T22:39:49+00:00;18.6;
2025-11-14T23:12:45+00:00;20.1;
2025-11-14T23:23:46+00:00;20.6;
2025-11-14T23:54:30+00:00;9.4;
2025-11-15T00:09:04+00:00;8.4;
2025-11-15T00:53:14+00:00;8.9;
2025-11-15T01:06:21+00:00;9.9;
2025-11-15T01:26:24+00:00;11.9;
2025-11-15T01:37:42+00:00;12.4;
2025-11-15T02:05:02+00:00;11.4;
2025-11-15T02:27:55+00:00;9.4;
2025-11-15T02:44:37+00:00;8.9;
2025-11-15T03:34:00+00:00;6.9;
2025-11-15T03:50:48+00:00;5.9;
2025-11-15T04:02:29+00:00;1.7;
2025-11-15T04:14:31+00:00;3.7;
2025-11-15T04:21:10+00:00;6.2;
2025-11-15T04:29:35+00:00;3.2;
2025-11-15T04:40:09+00:00;1.0;
2025-11-15T04:54:40+00:00;1.0;
2025-11-15T04:54:41+00:00;17.2;
2025-11-15T05:00:21+00:00;4.7;
2025-11-15T05:06:38+00:00;3.2;
2025-11-15T05:14:40+00:00;2.2;
2025-11-15T05:22:23+00:00;1.2;
2025-11-15T05:38:13+00:00;1.7;
2025-11-15T05:50:44+00:00;1.2;
2025-11-15T06:00:48+00:00;2.2;
2025-11-15T06:05:24+00:00;2.7;
2025-11-15T06:12:02+00:00;3.2;
2025-11-15T06:20:22+00:00;3.2;
2025-11-15T06:20:23+00:00;18.2;
2025-11-15T06:26:29+00:00;4.0;
2025-11-15T06:32:51+00:00;5.5;
2025-11-15T06:45:06+00:00;3.0;
2025-11-15T07:00:26+00:00;3.5;
2025-11-15T07:23:56+00:00;3.5;
2025-11-15T07:23:57+00:00;16.5;
2025-11-15T07:26:17+00:00;5.7;
2025-11-15T07:38:20+00:00;5.2;
2025-11-15T07:46:10+00:00;6.7;
2025-11-15T07:51:23+00:00;8.2;
2025-11-15T07:56:36+00:00;9.2;
2025-11-15T08:09:35+00:00;3.7;
2025-11-15T08:20:45+00:00;2.2;
2025-11-15T08:52:09+00:00;2.2;
2025-11-15T08:52:10+00:00;15.7;
2025-11-15T08:57:37+00:00;3.2;
2025-11-15T09:18:43+00:00;4.7;
2025-11-15T09:30:34+00:00;6.2;
2025-11-15T09:33:36+00:00;6.7;
2025-11-15T09:39:05+00:00;8.2;
2025-11-15T09:46:57+00:00;9.7;
2025-11-15T09:47:44+00:00;10.2;
2025-11-15T09:56:11+00:00;11.7;
2025-11-15T09:57:34+00:00;12.2;
2025-11-15T10:05:34+00:00;13.7;
2025-11-15T10:16:34+00:00;16.2;
2025-11-15T10:29:18+00:00;5.8;
2025-11-15T10:42:53+00:00;5.8;
2025-11-15T10:42:54+00:00;16.8;
2025-11-15T11:21:57+00:00;16.8;
2025-11-15T11:21:58+00:00;23.3;
2025-11-15T11:49:38+00:00;16.1;
2025-11-15T12:04:22+00:00;16.1;
2025-11-15T12:35:50+00:00;18.1;
2025-11-15T12:39:47+00:00;17.1;
2025-11-15T13:24:28+00:00;16.1;
2025-11-15T13:49:06+00:00;7.6;
2025-11-15T14:01:54+00:00;3.4;
2025-11-15T14:12:16+00:00;3.9;
2025-11-15T14:16:57+00:00;3.9;
2025-11-15T14:30:17+00:00;6.9;
2025-11-15T14:34:48+00:00;9.4;
2025-11-15T14:42:26+00:00;9.4;
2025-11-15T14:42:27+00:00;22.4;
2025-11-15T15:04:25+00:00;18.6;
2025-11-15T15:07:16+00:00;13.9;
2025-11-15T15:13:12+00:00;14.4;
2025-11-15T15:25:07+00:00;12.9;
2025-11-15T15:28:24+00:00;11.9;
2025-11-15T15:36:20+00:00;9.9;
2025-11-15T15:43:56+00:00;8.9;
2025-11-15T15:51:47+00:00;7.9;
2025-11-15T15:57:11+00:00;6.4;
2025-11-15T16:06:11+00:00;4.4;
2025-11-15T16:21:38+00:00;2.9;
2025-11-15T16:34:19+00:00;3.4;
2025-11-15T16:37:28+00:00;2.9;
2025-11-15T16:47:55+00:00;4.9;
2025-11-15T16:52:38+00:00;4.4;
2025-11-15T17:08:24+00:00;4.4;
2025-11-15T17:08:25+00:00;13.4;
2025-11-15T17:13:43+00:00;8.1;
2025-11-15T17:20:01+00:00;7.1;
2025-11-15T17:30:10+00:00;8.6;
2025-11-15T17:36:52+00:00;9.6;
2025-11-15T17:41:51+00:00;10.6;
2025-11-15T17:48:32+00:00;11.6;
2025-11-15T17:57:23+00:00;13.6;
2025-11-15T18:05:35+00:00;14.6;
2025-11-15T18:54:37+00:00;14.1;
2025-11-15T19:22:41+00:00;12.1;
2025-11-15T19:28:32+00:00;14.1;
2025-11-15T19:34:13+00:00;2.8;
2025-11-15T19:36:30+00:00;3.8;
2025-11-15T19:52:33+00:00;4.3;
2025-11-15T19:55:17+00:00;3.8;
2025-11-15T20:06:05+00:00;3.8;
2025-11-15T20:06:06+00:00;12.3;
2025-11-15T20:22:57+00:00;10.8;
2025-11-15T21:55:04+00:00;11.3;
2025-11-15T22:33:36+00:00;10.8;
2025-11-15T22:52:15+00:00;9.8;
2025-11-15T23:02:17+00:00;8.3;
2025-11-15T23:05:48+00:00;7.3;
2025-11-15T23:14:31+00:00;5.8;
2025-11-15T23:21:05+00:00;4.3;
2025-11-15T23:22:56+00:00;3.8;
2025-11-15T23:35:12+00:00;1.8;
2025-11-15T23:38:05+00:00;1.3;
2025-11-15T23:49:37+00:00;1.3;
2025-11-15T23:49:38+00:00;18.3;
2025-11-15T23:56:33+00:00;3.1;
2025-11-16T00:06:47+00:00;1.6;
2025-11-16T00:08:56+00:00;2.1;
2025-11-16T00:57:03+00:00;1.6;
2025-11-16T01:04:47+00:00;1.6;
2025-11-16T01:04:48+00:00;15.1;
2025-11-16T01:11:43+00:00;2.4;
2025-11-16T01:30:40+00:00;1.9;
2025-11-16T01:43:33+00:00;2.4;
2025-11-16T01:53:37+00:00;3.4;
2025-11-16T02:11:23+00:00;5.4;
2025-11-16T02:17:49+00:00;5.9;
2025-11-16T02:41:10+00:00;6.9;
2025-11-16T02:47:43+00:00;7.4;
2025-11-16T02:57:01+00:00;8.9;
2025-11-16T03:03:21+00:00;10.4;
2025-11-16T03:12:47+00:00;11.4;
2025-11-16T03:55:32+00:00;10.4;
2025-11-16T04:03:32+00:00;3.0;
2025-11-16T04:19:30+00:00;5.0;
2025-11-16T04:26:56+00:00;6.5;
2025-11-16T04:33:16+00:00;9.5;
2025-11-16T04:35:38+00:00;10.0;
2025-11-16T04:41:42+00:00;9.0;
2025-11-16T04:46:34+00:00;8.0;
2025-11-16T04:52:31+00:00;7.0;
2025-11-16T05:01:06+00:00;5.0;
2025-11-16T05:07:50+00:00;4.0;
2025-11-16T05:21:39+00:00;2.5;
2025-11-16T05:28:02+00:00;2.5;
2025-11-16T05:28:03+00:00;12.0;
2025-11-16T05:35:08+00:00;12.0;
2025-11-16T05:35:09+00:00;19.0;
2025-11-16T05:38:08+00:00;3.3;
2025-11-16T05:58:02+00:00;1.8;
2025-11-16T06:14:56+00:00;4.8;
2025-11-16T06:22:06+00:00;6.8;
2025-11-16T06:27:24+00:00;6.3;
2025-11-16T06:43:17+00:00;7.3;
2025-11-16T06:47:38+00:00;8.3;
2025-11-16T06:58:03+00:00;9.3;
2025-11-16T07:08:58+00:00;10.3;
2025-11-16T07:19:06+00:00;12.3;
2025-11-16T07:22:48+00:00;13.8;
2025-11-16T07:28:26+00:00;14.8;
2025-11-16T07:42:14+00:00;5.1;
2025-11-16T08:32:46+00:00;6.6;
2025-11-16T08:44:13+00:00;6.6;
2025-11-16T08:44:14+00:00;15.6;
2025-11-16T08:52:44+00:00;7.3;
2025-11-16T09:01:46+00:00;7.3;
2025-11-16T09:01:47+00:00;14.8;
2025-11-16T09:50:41+00:00;15.3;
2025-11-16T10:20:53+00:00;14.8;
2025-11-16T10:44:40+00:00;12.8;
2025-11-16T10:50:20+00:00;12.3;
2025-11-16T11:19:25+00:00;13.3;
2025-11-16T11:27:40+00:00;14.8;
2025-11-16T12:02:52+00:00;18.8;
2025-11-16T12:07:07+00:00;20.3;
2025-11-16T14:03:29+00:00;2.4;
2025-11-16T14:10:37+00:00;3.9;
2025-11-16T14:25:15+00:00;6.4;
2025-11-16T14:36:28+00:00;6.4;
2025-11-16T14:36:29+00:00;13.9;
2025-11-16T14:50:17+00:00;14.9;
2025-11-16T14:55:15+00:00;14.4;
2025-11-16T15:07:15+00:00;14.4;
2025-11-16T15:07:16+00:00;19.9;
2025-11-16T15:13:56+00:00;5.2;
2025-11-16T15:15:45+00:00;4.2;
2025-11-16T15:24:23+00:00;2.2;
2025-11-16T15:40:08+00:00;2.2;
2025-11-16T15:50:25+00:00;3.2;
2025-11-16T16:09:56+00:00;3.2;
2025-11-16T16:09:57+00:00;13.2;
2025-11-16T16:19:16+00:00;3.9;
2025-11-16T16:32:02+00:00;2.9;
2025-11-16T16:55:33+00:00;3.9;
2025-11-16T17:00:29+00:00;4.9;
2025-11-16T17:29:41+00:00;4.9;
2025-11-16T17:29:42+00:00;13.9;
2025-11-16T17:34:01+00:00;5.0;
2025-11-16T18:08:18+00:00;5.5;
2025-11-16T18:18:43+00:00;7.5;
2025-11-16T18:23:16+00:00;7.5;
2025-11-16T18:23:17+00:00;13.0;
2025-11-16T18:30:28+00:00;15.5;
2025-11-16T18:31:55+00:00;16.5;
2025-11-16T18:38:08+00:00;6.3;
2025-11-16T19:11:18+00:00;6.8;
2025-11-16T19:16:58+00:00;6.8;
2025-11-16T19:16:59+00:00;12.3;
2025-11-16T19:21:22+00:00;13.8;
2025-11-16T19:30:54+00:00;13.8;
2025-11-16T19:36:46+00:00;12.3;
2025-11-16T19:38:06+00:00;11.8;
2025-11-16T19:46:55+00:00;10.3;
2025-11-16T19:53:01+00:00;8.8;
2025-11-16T19:59:13+00:00;7.8;
2025-11-16T20:06:11+00:00;6.3;
2025-11-16T20:09:29+00:00;5.8;
2025-11-16T20:21:13+00:00;3.8;
2025-11-16T20:25:04+00:00;3.3;
2025-11-16T20:33:48+00:00;1.8;
2025-11-16T20:45:15+00:00;2.3;
2025-11-16T21:07:00+00:00;2.3;
2025-11-16T21:07:01+00:00;11.1;
2025-11-16T21:10:20+00:00;3.6;
2025-11-16T21:29:08+00:00;1.6;
2025-11-16T21:43:59+00:00;2.6;
2025-11-16T22:07:40+00:00;2.6;
2025-11-16T22:07:41+00:00;13.7;
2025-11-16T22:12:51+00:00;3.7;
2025-11-16T22:31:57+00:00;1.6;
2025-11-16T23:04:37+00:00;2.1;
2025-11-16T23:14:23+00:00;2.1;
2025-11-16T23:14:24+00:00;19.7;
2025-11-16T23:20:26+00:00;2.4;
2025-11-16T23:25:02+00:00;2.9;
2025-11-17T00:13:29+00:00;1.4;
2025-11-17T00:23:22+00:00;1.4;
2025-11-17T00:23:23+00:00;18.4;
2025-11-17T00:28:58+00:00;1.7;
2025-11-17T00:40:53+00:00;0.7;
2025-11-17T01:24:21+00:00;1.7;
2025-11-17T01:34:18+00:00;1.7;
2025-11-17T01:34:19+00:00;17.8;
2025-11-17T01:42:33+00:00;2.8;
2025-11-17T01:52:45+00:00;0.8;
2025-11-17T01:55:04+00:00;2.3;
2025-11-17T02:06:52+00:00;4.8;
2025-11-17T02:18:04+00:00;7.3;
2025-11-17T02:24:10+00:00;7.3;
2025-11-17T02:24:11+00:00;19.8;
2025-11-17T02:26:45+00:00;18.8;
2025-11-17T02:52:29+00:00;20.3;
2025-11-17T03:04:34+00:00;0.7;
2025-11-17T04:14:28+00:00;0.7;
2025-11-17T04:14:29+00:00;19.0;
2025-11-17T04:21:53+00:00;2.1;
2025-11-17T04:33:36+00:00;0.6;
2025-11-17T04:37:07+00:00;2.1;
2025-11-17T05:10:37+00:00;2.6;
2025-11-17T05:35:14+00:00;2.6;
2025-11-17T05:35:15+00:00;18.6;
2025-11-17T05:41:20+00:00;3.3;
2025-11-17T06:00:53+00:00;5.8;
2025-11-17T06:11:47+00:00;5.8;
2025-11-17T06:11:48+00:00;20.3;
2025-11-17T06:34:22+00:00;21.3;
2025-11-17T08:55:14+00:00;20.8;
2025-11-17T09:42:28+00:00;13.9;
2025-11-17T09:47:32+00:00;6.9;
2025-11-17T10:00:44+00:00;4.9;
2025-11-17T10:14:28+00:00;3.9;
2025-11-17T10:37:07+00:00;3.4;
2025-11-17T10:47:28+00:00;5.4;
2025-11-17T10:57:42+00:00;5.7;
2025-11-17T11:12:38+00:00;6.7;
2025-11-17T11:22:45+00:00;8.2;
2025-11-17T11:28:53+00:00;9.7;
2025-11-17T11:33:14+00:00;11.2;
2025-11-17T11:37:33+00:00;12.2;
2025-11-17T11:43:01+00:00;14.2;
2025-11-17T11:51:00+00:00;15.2;
2025-11-17T12:36:55+00:00;15.2;
2025-11-17T13:08:23+00:00;15.2;
2025-11-17T13:18:50+00:00;11.5;
2025-11-17T14:05:20+00:00;5.2;
2025-11-17T14:19:08+00:00;7.2;
2025-11-17T14:24:08+00:00;7.2;
2025-11-17T14:24:09+00:00;17.2;
2025-11-17T14:30:28+00:00;17.2;
2025-11-17T14:30:29+00:00;22.7;
2025-11-17T14:59:23+00:00;21.2;
2025-11-17T15:29:57+00:00;13.5;
2025-11-17T15:35:10+00:00;14.0;
2025-11-17T15:48:23+00:00;13.0;
2025-11-17T16:20:26+00:00;15.0;
2025-11-17T17:26:00+00:00;3.9;
2025-11-17T17:41:50+00:00;5.9;
2025-11-17T17:45:38+00:00;3.4;
2025-11-17T17:50:50+00:00;4.4;
2025-11-17T17:56:04+00:00;1.9;
2025-11-17T18:06:08+00:00;2.9;
2025-11-17T18:15:52+00:00;3.4;
2025-11-17T18:24:57+00:00;3.4;
2025-11-17T18:24:58+00:00;15.9;
2025-11-17T18:30:23+00:00;4.0;
2025-11-17T19:15:18+00:00;6.5;
2025-11-17T19:21:20+00:00;6.5;
2025-11-17T19:21:21+00:00;12.5;
2025-11-17T19:31:08+00:00;11.5;
2025-11-17T19:39:59+00:00;9.5;
2025-11-17T19:43:00+00:00;9.0;
2025-11-17T19:51:43+00:00;7.5;
2025-11-17T19:56:09+00:00;6.5;
2025-11-17T20:03:39+00:00;5.0;
2025-11-17T20:09:24+00:00;4.0;
2025-11-17T20:20:33+00:00;2.5;
2025-11-17T20:25:38+00:00;1.5;
2025-11-17T20:30:15+00:00;1.0;
2025-11-17T20:53:44+00:00;2.0;
2025-11-17T21:07:17+00:00;2.0;
2025-11-17T21:07:18+00:00;11.0;
2025-11-17T21:16:30+00:00;2.4;
2025-11-17T21:34:01+00:00;1.4;
2025-11-17T21:55:37+00:00;1.9;
2025-11-17T22:22:13+00:00;1.9;
2025-11-17T22:22:14+00:00;11.9;
2025-11-17T22:29:59+00:00;1.9;
2025-11-17T22:42:27+00:00;0.9;
2025-11-17T23:30:46+00:00;1.9;
2025-11-17T23:35:19+00:00;1.4;
2025-11-17T23:43:33+00:00;1.4;
2025-11-17T23:43:34+00:00;18.9;
2025-11-17T23:52:09+00:00;2.6;
2025-11-18T00:03:42+00:00;1.6;
2025-11-18T00:53:19+00:00;1.6;
2025-11-18T00:58:29+00:00;2.1;
2025-11-18T01:06:57+00:00;2.1;
2025-11-18T01:06:58+00:00;20.2;
2025-11-18T01:13:09+00:00;1.9;
2025-11-18T01:18:10+00:00;2.4;
2025-11-18T01:25:21+00:00;0.9;
2025-11-18T02:24:59+00:00;0.9;
2025-11-18T02:25:00+00:00;19.4;
2025-11-18T02:29:27+00:00;0.0;
2025-11-18T02:39:10+00:00;2.1;
2025-11-18T02:55:39+00:00;1.6;
2025-11-18T03:44:41+00:00;1.6;
2025-11-18T03:44:42+00:00;12.1;
2025-11-18T03:53:58+00:00;2.7;
2025-11-18T04:03:53+00:00;4.2;
2025-11-18T04:11:50+00:00;6.2;
2025-11-18T04:31:50+00:00;1.2;
2025-11-18T05:15:45+00:00;1.2;
2025-11-18T05:15:46+00:00;13.7;
2025-11-18T05:20:48+00:00;3.7;
2025-11-18T05:25:36+00:00;2.4;
2025-11-18T05:40:24+00:00;1.4;
2025-11-18T05:43:41+00:00;2.4;
2025-11-18T06:24:41+00:00;2.4;
2025-11-18T06:33:39+00:00;2.4;
2025-11-18T06:33:40+00:00;19.4;
2025-11-18T06:36:40+00:00;2.1;
2025-11-18T06:52:53+00:00;2.1;
2025-11-18T06:52:54+00:00;22.6;
2025-11-18T06:54:59+00:00;23.1;
2025-11-18T08:32:15+00:00;7.6;
2025-11-18T08:39:24+00:00;6.1;
2025-11-18T08:46:46+00:00;5.1;
2025-11-18T08:52:40+00:00;4.1;
2025-11-18T09:06:20+00:00;2.1;
2025-11-18T09:08:57+00:00;1.6;
2025-11-18T09:38:01+00:00;1.6;
2025-11-18T09:47:05+00:00;1.6;
2025-11-18T09:47:06+00:00;19.7;
2025-11-18T09:52:15+00:00;2.4;
2025-11-18T09:55:27+00:00;2.4;
2025-11-18T10:09:57+00:00;3.9;
2025-11-18T10:32:22+00:00;5.4;
2025-11-18T10:40:12+00:00;6.4;
2025-11-18T10:46:32+00:00;7.9;
2025-11-18T10:50:00+00:00;8.4;
2025-11-18T10:56:22+00:00;9.9;
2025-11-18T11:04:57+00:00;11.4;
2025-11-18T11:11:44+00:00;12.9;
2025-11-18T11:16:26+00:00;14.9;
2025-11-18T11:28:52+00:00;15.9;
2025-11-18T11:38:35+00:00;10.9;
2025-11-18T12:04:31+00:00;10.9;
2025-11-18T12:04:32+00:00;22.4;
2025-11-18T12:08:26+00:00;22.9;
2025-11-18T14:06:13+00:00;6.2;
2025-11-18T14:28:18+00:00;6.2;
2025-11-18T14:28:19+00:00;15.7;
2025-11-18T15:14:28+00:00;17.7;
2025-11-18T15:18:20+00:00;21.2;
2025-11-18T15:27:46+00:00;22.7;
2025-11-18T16:09:12+00:00;22.2;
2025-11-18T16:38:20+00:00;15.7;
2025-11-18T16:44:11+00:00;3.9;
2025-11-18T17:06:08+00:00;3.4;
2025-11-18T17:25:20+00:00;4.4;
2025-11-18T17:31:11+00:00;5.9;
2025-11-18T17:31:35+00:00;6.4;
2025-11-18T17:47:47+00:00;3.9;
2025-11-18T17:55:40+00:00;3.9;
2025-11-18T17:55:41+00:00;11.9;
2025-11-18T18:04:15+00:00;4.8;
2025-11-18T18:38:14+00:00;6.8;
2025-11-18T18:44:28+00:00;6.8;
2025-11-18T18:44:29+00:00;12.3;
2025-11-18T18:54:37+00:00;10.8;
2025-11-18T19:01:45+00:00;9.3;
2025-11-18T19:05:54+00:00;8.3;
2025-11-18T19:11:24+00:00;7.3;
2025-11-18T19:20:15+00:00;5.8;
2025-11-18T19:28:21+00:00;4.3;
2025-11-18T19:30:35+00:00;3.8;
2025-11-18T19:39:31+00:00;2.8;
2025-11-18T19:48:54+00:00;1.3;
2025-11-18T20:11:34+00:00;2.3;
2025-11-18T20:27:56+00:00;1.8;
2025-11-18T20:36:46+00:00;1.8;
2025-11-18T20:36:47+00:00;8.8;
2025-11-18T20:41:22+00:00;8.8;
2025-11-18T20:41:23+00:00;19.8;
2025-11-18T20:48:08+00:00;2.8;
2025-11-18T21:02:03+00:00;1.3;
2025-11-18T21:04:24+00:00;2.3;
2025-11-18T22:07:55+00:00;2.3;
2025-11-18T22:07:56+00:00;10.1;
2025-11-18T22:14:47+00:00;2.7;
2025-11-18T22:28:03+00:00;1.7;
2025-11-18T23:29:19+00:00;1.7;
2025-11-18T23:34:21+00:00;1.7;
2025-11-18T23:34:22+00:00;10.7;
2025-11-18T23:37:51+00:00;10.7;
2025-11-18T23:37:52+00:00;19.7;
2025-11-18T23:44:46+00:00;2.7;
2025-11-19T00:40:05+00:00;2.2;
2025-11-19T01:04:07+00:00;2.2;
2025-11-19T01:04:08+00:00;18.2;
2025-11-19T01:11:14+00:00;1.7;
2025-11-19T01:26:09+00:00;1.2;
2025-11-19T01:47:58+00:00;1.2;
2025-11-19T02:30:09+00:00;1.2;
2025-11-19T02:30:10+00:00;11.2;
2025-11-19T02:38:44+00:00;2.0;
2025-11-19T02:50:56+00:00;1.0;
2025-11-19T03:51:32+00:00;1.0;
2025-11-19T04:00:06+00:00;1.0;
2025-11-19T04:00:07+00:00;19.3;
2025-11-19T04:08:30+00:00;2.0;
2025-11-19T05:21:21+00:00;2.0;
2025-11-19T05:21:22+00:00;7.1;
2025-11-19T05:26:16+00:00;7.1;
2025-11-19T05:26:17+00:00;19.6;
2025-11-19T05:34:01+00:00;1.7;
2025-11-19T05:54:54+00:00;1.7;
2025-11-19T05:54:55+00:00;21.3;
2025-11-19T07:46:16+00:00;21.8;
2025-11-19T08:07:08+00:00;6.6;
2025-11-19T08:09:43+00:00;6.1;
2025-11-19T08:36:21+00:00;8.1;
2025-11-19T08:39:01+00:00;8.6;
2025-11-19T08:55:15+00:00;10.1;
2025-11-19T09:04:25+00:00;11.1;
2025-11-19T09:35:38+00:00;10.1;
2025-11-19T09:57:38+00:00;8.6;
2025-11-19T10:01:32+00:00;8.1;
2025-11-19T10:08:16+00:00;6.6;
2025-11-19T10:22:24+00:00;5.1;
2025-11-19T11:09:38+00:00;4.6;
2025-11-19T11:20:50+00:00;4.6;
2025-11-19T11:20:51+00:00;19.6;
2025-11-19T11:24:03+00:00;3.7;
2025-11-19T11:30:39+00:00;5.9;
2025-11-19T12:04:43+00:00;7.4;
2025-11-19T12:14:47+00:00;8.4;
2025-11-19T12:23:07+00:00;9.9;
2025-11-19T12:24:42+00:00;10.4;
2025-11-19T12:31:47+00:00;11.9;
2025-11-19T12:35:41+00:00;12.9;
2025-11-19T12:39:32+00:00;14.4;
2025-11-19T12:50:20+00:00;16.4;
2025-11-19T13:11:21+00:00;15.9;
2025-11-19T13:22:20+00:00;14.9;
2025-11-19T13:31:35+00:00;13.4;
2025-11-19T13:36:31+00:00;14.9;
2025-11-19T13:42:20+00:00;16.9;
2025-11-19T14:04:51+00:00;5.8;
2025-11-19T14:21:18+00:00;6.8;
2025-11-19T14:28:05+00:00;7.8;
2025-11-19T14:38:29+00:00;7.8;
2025-11-19T14:38:30+00:00;15.3;
2025-11-19T14:55:17+00:00;15.3;
2025-11-19T14:55:18+00:00;21.8;
2025-11-19T15:06:19+00:00;23.3;
2025-11-19T16:14:44+00:00;22.8;
2025-11-19T16:35:29+00:00;16.8;
2025-11-19T16:49:42+00:00;15.8;
2025-11-19T16:55:17+00:00;13.3;
2025-11-19T16:57:32+00:00;12.3;
2025-11-19T17:01:31+00:00;10.8;
2025-11-19T17:09:22+00:00;8.8;
2025-11-19T17:13:40+00:00;8.8;
2025-11-19T17:19:59+00:00;7.3;
2025-11-19T17:25:49+00:00;6.3;
2025-11-19T17:36:13+00:00;4.8;
2025-11-19T17:42:54+00:00;5.3;
2025-11-19T17:50:30+00:00;3.8;
2025-11-19T17:51:59+00:00;3.3;
2025-11-19T18:20:31+00:00;4.8;
2025-11-19T18:30:24+00:00;5.8;
2025-11-19T18:41:42+00:00;5.8;
2025-11-19T18:41:43+00:00;14.8;
2025-11-19T18:46:36+00:00;4.4;
2025-11-19T18:53:17+00:00;2.9;
2025-11-19T19:06:14+00:00;1.4;
2025-11-19T19:27:04+00:00;1.9;
2025-11-19T19:47:01+00:00;1.9;
2025-11-19T19:59:42+00:00;1.9;
2025-11-19T19:59:43+00:00;15.4;
2025-11-19T20:06:10+00:00;3.0;
2025-11-19T20:22:55+00:00;1.5;
2025-11-19T21:02:00+00:00;1.5;
2025-11-19T21:13:58+00:00;1.5;
2025-11-19T21:13:59+00:00;19.0;
2025-11-19T21:17:48+00:00;-1.3;
2025-11-19T21:37:06+00:00;1.9;
2025-11-19T22:02:39+00:00;1.9;
2025-11-19T22:11:02+00:00;4.9;
2025-11-19T22:13:24+00:00;4.4;
2025-11-19T22:17:43+00:00;2.9;
2025-11-19T22:23:25+00:00;1.4;
2025-11-19T22:28:00+00:00;1.4;
2025-11-19T22:28:01+00:00;15.0;
2025-11-19T22:33:03+00:00;1.7;
2025-11-19T22:38:52+00:00;2.1;
2025-11-19T22:59:23+00:00;1.1;
2025-11-19T23:15:57+00:00;2.1;
2025-11-19T23:31:06+00:00;1.1;
2025-11-19T23:39:53+00:00;1.1;
2025-11-19T23:39:54+00:00;15.2;
2025-11-19T23:43:41+00:00;4.5;
2025-11-19T23:48:56+00:00;1.9;
2025-11-20T00:07:54+00:00;1.9;
2025-11-20T00:59:37+00:00;1.9;
2025-11-20T00:59:38+00:00;14.9;
2025-11-20T01:04:48+00:00;4.7;
2025-11-20T01:08:21+00:00;1.7;
2025-11-20T01:30:56+00:00;1.7;
2025-11-20T02:10:19+00:00;1.2;
2025-11-20T02:17:23+00:00;1.2;
2025-11-20T02:17:24+00:00;15.2;
2025-11-20T02:27:27+00:00;2.4;
2025-11-20T02:33:07+00:00;1.9;
2025-11-20T02:40:08+00:00;1.4;
2025-11-20T03:18:40+00:00;1.4;
2025-11-20T03:30:52+00:00;1.4;
2025-11-20T03:30:53+00:00;12.9;
2025-11-20T03:36:00+00:00;0.0;
2025-11-20T03:42:25+00:00;2.0;
2025-11-20T04:00:44+00:00;3.0;
2025-11-20T04:14:20+00:00;2.0;
2025-11-20T04:30:03+00:00;3.5;
2025-11-20T04:44:05+00:00;5.5;
2025-11-20T04:48:53+00:00;6.5;
2025-11-20T04:51:01+00:00;7.0;
2025-11-20T05:12:09+00:00;4.0;
2025-11-20T05:21:03+00:00;4.0;
2025-11-20T05:21:04+00:00;16.5;
2025-11-20T05:24:20+00:00;-0.1;
2025-11-20T05:27:56+00:00;4.3;
2025-11-20T05:47:12+00:00;4.8;
2025-11-20T05:58:23+00:00;6.3;
2025-11-20T06:04:14+00:00;7.3;
2025-11-20T06:17:44+00:00;7.3;
2025-11-20T06:17:45+00:00;20.3;
2025-11-20T07:00:02+00:00;21.3;
2025-11-20T08:57:35+00:00;11.0;
2025-11-20T09:04:56+00:00;8.5;
2025-11-20T09:10:45+00:00;8.0;
2025-11-20T09:23:39+00:00;6.0;
2025-11-20T09:29:02+00:00;5.5;
2025-11-20T09:37:56+00:00;4.5;
2025-11-20T09:58:30+00:00;2.5;
2025-11-20T10:18:43+00:00;2.5;
2025-11-20T10:28:09+00:00;3.5;
2025-11-20T10:30:34+00:00;4.0;
2025-11-20T10:43:24+00:00;4.0;
2025-11-20T10:43:25+00:00;17.0;
2025-11-20T10:51:03+00:00;5.0;
2025-11-20T11:29:56+00:00;6.5;
2025-11-20T11:55:27+00:00;8.0;
2025-11-20T12:10:14+00:00;9.0;
2025-11-20T12:48:53+00:00;9.0;
2025-11-20T12:50:01+00:00;9.5;
2025-11-20T12:54:53+00:00;10.0;
2025-11-20T13:00:30+00:00;9.5;
2025-11-20T13:04:19+00:00;10.5;
2025-11-20T13:06:34+00:00;10.5;
2025-11-20T13:17:01+00:00;11.5;
2025-11-20T13:37:00+00:00;13.5;
2025-11-20T13:43:49+00:00;15.0;
2025-11-20T13:50:12+00:00;16.0;
2025-11-20T14:04:40+00:00;4.8;
2025-11-20T14:31:59+00:00;6.3;
2025-11-20T14:39:21+00:00;7.8;
2025-11-20T14:43:53+00:00;7.8;
2025-11-20T14:43:54+00:00;13.8;
2025-11-20T14:58:32+00:00;15.8;
2025-11-20T15:27:33+00:00;16.3;
2025-11-20T15:46:12+00:00;18.8;
2025-11-20T15:54:30+00:00;22.8;
2025-11-20T16:24:37+00:00;22.8;
2025-11-20T16:40:48+00:00;4.1;
2025-11-20T17:06:49+00:00;5.1;
2025-11-20T17:09:19+00:00;4.6;
2025-11-20T17:13:27+00:00;3.1;
2025-11-20T17:17:36+00:00;3.1;
2025-11-20T17:45:20+00:00;5.1;
2025-11-20T17:56:46+00:00;5.1;
2025-11-20T17:56:47+00:00;17.6;
2025-11-20T18:01:42+00:00;4.8;
2025-11-20T18:12:52+00:00;4.8;
2025-11-20T18:12:53+00:00;15.3;
2025-11-20T18:15:55+00:00;14.3;
2025-11-20T18:25:46+00:00;14.3;
2025-11-20T18:28:15+00:00;13.3;
2025-11-20T18:31:09+00:00;12.3;
2025-11-20T18:40:32+00:00;10.3;
2025-11-20T18:44:37+00:00;9.8;
2025-11-20T18:48:21+00:00;8.8;
2025-11-20T18:54:23+00:00;7.8;
2025-11-20T19:01:51+00:00;6.3;
2025-11-20T19:11:24+00:00;4.8;
2025-11-20T19:17:20+00:00;3.8;
2025-11-20T19:29:04+00:00;4.8;
2025-11-20T19:34:42+00:00;3.8;
2025-11-20T20:02:30+00:00;3.1;
2025-11-20T20:12:34+00:00;3.1;
2025-11-20T20:12:35+00:00;12.1;
2025-11-20T20:17:38+00:00;-3.5;
2025-11-20T20:22:36+00:00;-3.5;
2025-11-20T20:22:37+00:00;2.3;
2025-11-20T20:28:33+00:00;1.3;
2025-11-20T21:35:04+00:00;1.3;
2025-11-20T21:35:05+00:00;15.3;
2025-11-20T21:37:55+00:00;-2.2;
2025-11-20T21:42:29+00:00;2.8;
2025-11-20T21:54:34+00:00;2.3;
2025-11-20T22:01:44+00:00;1.3;
2025-11-20T22:16:10+00:00;1.3;
2025-11-20T22:48:35+00:00;1.3;
2025-11-20T22:48:36+00:00;13.3;
2025-11-20T22:53:47+00:00;3.4;
2025-11-20T22:57:37+00:00;1.6;
2025-11-20T23:13:27+00:00;2.1;
2025-11-20T23:29:59+00:00;1.6;
2025-11-21T00:04:32+00:00;1.6;
2025-11-21T00:04:33+00:00;11.6;
2025-11-21T00:13:30+00:00;2.5;
2025-11-21T00:16:10+00:00;2.0;
2025-11-21T00:28:13+00:00;1.5;
2025-11-21T00:48:51+00:00;3.0;
2025-11-21T00:57:20+00:00;4.0;
2025-11-21T01:09:01+00:00;6.0;
2025-11-21T01:20:25+00:00;7.0;
2025-11-21T01:27:15+00:00;8.0;
2025-11-21T01:30:06+00:00;8.5;
2025-11-21T01:37:36+00:00;10.5;
2025-11-21T01:41:37+00:00;11.5;
2025-11-21T01:48:53+00:00;13.0;
2025-11-21T01:54:57+00:00;14.0;
2025-11-21T02:13:54+00:00;15.0;
2025-11-21T02:33:41+00:00;13.5;
2025-11-21T02:37:55+00:00;12.5;
2025-11-21T02:42:14+00:00;12.5;
2025-11-21T03:01:21+00:00;10.5;
2025-11-21T03:02:26+00:00;10.0;
2025-11-21T03:21:23+00:00;8.0;
2025-11-21T03:49:23+00:00;7.0;
2025-11-21T04:00:39+00:00;3.5;
2025-11-21T04:20:59+00:00;6.5;
2025-11-21T04:25:48+00:00;5.4;
2025-11-21T04:30:24+00:00;5.4;
2025-11-21T04:45:58+00:00;2.9;
2025-11-21T04:55:52+00:00;3.9;
2025-11-21T05:08:51+00:00;3.9;
2025-11-21T05:08:52+00:00;18.9;
2025-11-21T05:16:37+00:00;5.3;
2025-11-21T05:40:14+00:00;5.8;
2025-11-21T05:46:08+00:00;6.8;
2025-11-21T05:57:44+00:00;8.3;
2025-11-21T06:03:05+00:00;9.3;
2025-11-21T06:06:49+00:00;10.3;
2025-11-21T06:14:08+00:00;11.8;
2025-11-21T06:18:46+00:00;13.3;
2025-11-21T06:25:21+00:00;14.8;
2025-11-21T06:33:01+00:00;19.3;
2025-11-21T06:35:20+00:00;20.3;
2025-11-21T06:38:48+00:00;20.8;
Fri Nov 21 2025 08:49:56 GMT+0100 (Central European Standard Time);20.8;
