timestamp;[Heating medium pump speed (GP1)][%][43437];
2025-11-01T01:21:36+00:00;100;
2025-11-01T02:36:53+00:00;94;
2025-11-01T02:39:53+00:00;92;
2025-11-01T02:41:17+00:00;88;
2025-11-01T02:42:53+00:00;84;
2025-11-01T02:44:35+00:00;82;
2025-11-01T02:45:35+00:00;78;
2025-11-01T02:47:47+00:00;76;
2025-11-01T02:49:41+00:00;73;
2025-11-01T02:50:53+00:00;72;
2025-11-01T02:51:56+00:00;70;
2025-11-01T02:54:44+00:00;68;
2025-11-01T03:11:51+00:00;66;
2025-11-01T03:59:59+00:00;66;
2025-11-01T04:00:00+00:00;100;
2025-11-01T04:04:18+00:00;57;
2025-11-01T04:10:11+00:00;57;
2025-11-01T04:10:12+00:00;91;
2025-11-01T04:10:48+00:00;100;
2025-11-01T04:18:04+00:00;70;
2025-11-01T04:20:03+00:00;67;
2025-11-01T04:22:20+00:00;69;
2025-11-01T04:24:26+00:00;71;
2025-11-01T04:27:08+00:00;75;
2025-11-01T04:36:14+00:00;77;
2025-11-01T04:37:32+00:00;79;
2025-11-01T04:40:26+00:00;79;
2025-11-01T04:41:20+00:00;81;
2025-11-01T04:42:44+00:00;83;
2025-11-01T04:45:38+00:00;85;
2025-11-01T04:47:14+00:00;87;
2025-11-01T04:52:05+00:00;89;
2025-11-01T04:54:53+00:00;93;
2025-11-01T04:57:29+00:00;95;
2025-11-01T04:59:05+00:00;97;
2025-11-01T05:00:42+00:00;99;
2025-11-01T06:06:51+00:00;97;
2025-11-01T06:09:03+00:00;95;
2025-11-01T06:13:26+00:00;87;
2025-11-01T06:14:56+00:00;85;
2025-11-01T06:16:02+00:00;83;
2025-11-01T06:19:26+00:00;77;
2025-11-01T06:22:32+00:00;73;
2025-11-01T06:23:38+00:00;70;
2025-11-01T07:34:39+00:00;70;
2025-11-01T07:34:40+00:00;100;
2025-11-01T07:39:46+00:00;34;
2025-11-01T07:46:33+00:00;34;
2025-11-01T07:46:34+00:00;65;
2025-11-01T07:48:45+00:00;65;
2025-11-01T07:48:46+00:00;100;
2025-11-01T07:52:14+00:00;70;
2025-11-01T09:24:13+00:00;70;
2025-11-01T09:24:14+00:00;100;
2025-11-01T09:26:55+00:00;87;
2025-11-01T09:31:01+00:00;20;
2025-11-01T09:32:19+00:00;18;
2025-11-01T09:34:19+00:00;20;
2025-11-01T09:36:13+00:00;24;
2025-11-01T09:42:00+00:00;24;
2025-11-01T09:42:01+00:00;50;
2025-11-01T09:45:54+00:00;50;
2025-11-01T09:45:55+00:00;100;
2025-11-01T09:49:19+00:00;70;
2025-11-01T09:51:53+00:00;70;
2025-11-01T09:55:04+00:00;70;
2025-11-01T09:55:05+00:00;84;
2025-11-01T11:37:04+00:00;70;
2025-11-01T13:59:59+00:00;70;
2025-11-01T14:00:00+00:00;100;
2025-11-01T14:03:29+00:00;59;
2025-11-01T14:05:53+00:00;24;
2025-11-01T14:07:05+00:00;22;
2025-11-01T14:08:47+00:00;24;
2025-11-01T14:13:10+00:00;24;
2025-11-01T14:13:11+00:00;38;
2025-11-01T14:18:34+00:00;38;
2025-11-01T14:18:35+00:00;88;
2025-11-01T14:19:17+00:00;100;
2025-11-01T14:23:36+00:00;70;
2025-11-01T17:40:01+00:00;70;
2025-11-01T17:40:02+00:00;100;
2025-11-01T17:44:55+00:00;40;
2025-11-01T17:45:31+00:00;38;
2025-11-01T17:50:21+00:00;38;
2025-11-01T17:50:22+00:00;52;
2025-11-01T17:54:03+00:00;52;
2025-11-01T17:54:04+00:00;99;
2025-11-01T17:57:50+00:00;83;
2025-11-01T18:26:02+00:00;83;
2025-11-01T18:26:03+00:00;100;
2025-11-01T18:30:34+00:00;30;
2025-11-01T18:31:28+00:00;22;
2025-11-01T18:32:28+00:00;20;
2025-11-01T18:34:28+00:00;22;
2025-11-01T18:35:52+00:00;24;
2025-11-01T18:40:15+00:00;24;
2025-11-01T18:40:16+00:00;38;
2025-11-01T18:45:33+00:00;38;
2025-11-01T18:45:34+00:00;90;
2025-11-01T18:46:34+00:00;100;
2025-11-01T18:49:16+00:00;83;
2025-11-01T18:55:11+00:00;85;
2025-11-01T19:14:51+00:00;70;
2025-11-01T20:28:11+00:00;70;
2025-11-01T20:28:12+00:00;84;
2025-11-01T20:54:33+00:00;84;
2025-11-01T20:54:34+00:00;90;
2025-11-01T21:00:23+00:00;92;
2025-11-01T21:01:41+00:00;94;
2025-11-01T21:05:17+00:00;96;
2025-11-01T21:35:35+00:00;94;
2025-11-01T22:40:49+00:00;92;
2025-11-02T01:59:59+00:00;92;
2025-11-02T02:00:00+00:00;100;
2025-11-02T02:05:39+00:00;28;
2025-11-02T02:08:09+00:00;30;
2025-11-02T02:13:13+00:00;30;
2025-11-02T02:13:14+00:00;46;
2025-11-02T02:18:25+00:00;46;
2025-11-02T02:18:26+00:00;78;
2025-11-02T02:19:43+00:00;78;
2025-11-02T02:19:44+00:00;90;
2025-11-02T02:23:27+00:00;31;
2025-11-02T02:41:15+00:00;33;
2025-11-02T02:42:15+00:00;35;
2025-11-02T02:43:47+00:00;39;
2025-11-02T02:48:40+00:00;39;
2025-11-02T02:48:41+00:00;65;
2025-11-02T02:53:22+00:00;65;
2025-11-02T02:53:23+00:00;99;
2025-11-02T02:59:04+00:00;70;
2025-11-02T03:26:37+00:00;70;
2025-11-02T03:26:38+00:00;92;
2025-11-02T03:43:53+00:00;94;
2025-11-02T03:44:53+00:00;96;
2025-11-02T03:47:41+00:00;98;
2025-11-02T03:50:41+00:00;100;
2025-11-02T04:35:18+00:00;97;
2025-11-02T04:39:54+00:00;93;
2025-11-02T04:40:48+00:00;88;
2025-11-02T06:14:41+00:00;70;
2025-11-02T09:14:42+00:00;70;
2025-11-02T09:14:43+00:00;89;
2025-11-02T09:19:44+00:00;79;
2025-11-02T10:14:03+00:00;79;
2025-11-02T10:14:04+00:00;100;
2025-11-02T10:17:10+00:00;17;
2025-11-02T10:20:16+00:00;3;
2025-11-02T10:32:59+00:00;3;
2025-11-02T10:33:00+00:00;70;
2025-11-02T10:44:04+00:00;6;
2025-11-02T10:52:34+00:00;8;
2025-11-02T11:01:59+00:00;10;
2025-11-02T11:05:23+00:00;12;
2025-11-02T11:09:17+00:00;14;
2025-11-02T11:12:53+00:00;16;
2025-11-02T11:14:35+00:00;18;
2025-11-02T11:16:40+00:00;20;
2025-11-02T11:18:10+00:00;22;
2025-11-02T11:19:46+00:00;24;
2025-11-02T11:21:04+00:00;26;
2025-11-02T11:23:28+00:00;24;
2025-11-02T11:24:34+00:00;22;
2025-11-02T11:27:10+00:00;24;
2025-11-02T11:29:22+00:00;28;
2025-11-02T11:34:35+00:00;28;
2025-11-02T11:34:36+00:00;46;
2025-11-02T11:37:47+00:00;46;
2025-11-02T11:37:48+00:00;62;
2025-11-02T11:44:29+00:00;62;
2025-11-02T11:44:30+00:00;100;
2025-11-02T11:49:39+00:00;70;
2025-11-02T11:50:44+00:00;70;
2025-11-02T11:50:45+00:00;100;
2025-11-02T12:02:47+00:00;70;
2025-11-02T13:59:59+00:00;70;
2025-11-02T14:00:00+00:00;100;
2025-11-02T14:05:28+00:00;31;
2025-11-02T14:06:46+00:00;29;
2025-11-02T14:08:28+00:00;31;
2025-11-02T14:10:28+00:00;35;
2025-11-02T14:15:32+00:00;35;
2025-11-02T14:15:33+00:00;57;
2025-11-02T14:20:32+00:00;57;
2025-11-02T14:20:33+00:00;91;
2025-11-02T14:21:15+00:00;99;
2025-11-02T14:30:32+00:00;70;
2025-11-02T17:15:08+00:00;70;
2025-11-02T17:15:09+00:00;100;
2025-11-02T17:21:21+00:00;27;
2025-11-02T17:26:38+00:00;27;
2025-11-02T17:26:39+00:00;41;
2025-11-02T17:30:20+00:00;41;
2025-11-02T17:30:21+00:00;87;
2025-11-02T17:30:54+00:00;95;
2025-11-02T17:31:18+00:00;97;
2025-11-02T17:34:30+00:00;87;
2025-11-02T17:38:06+00:00;77;
2025-11-02T17:41:17+00:00;77;
2025-11-02T17:41:18+00:00;89;
2025-11-02T17:42:08+00:00;70;
2025-11-02T17:53:40+00:00;70;
2025-11-02T17:53:41+00:00;97;
2025-11-02T17:56:27+00:00;77;
2025-11-02T18:00:46+00:00;11;
2025-11-02T18:07:10+00:00;13;
2025-11-02T18:10:22+00:00;15;
2025-11-02T18:12:22+00:00;17;
2025-11-02T18:13:52+00:00;19;
2025-11-02T18:15:16+00:00;21;
2025-11-02T18:16:40+00:00;23;
2025-11-02T18:21:20+00:00;23;
2025-11-02T18:21:21+00:00;37;
2025-11-02T18:26:32+00:00;37;
2025-11-02T18:26:33+00:00;74;
2025-11-02T18:28:20+00:00;74;
2025-11-02T18:28:21+00:00;100;
2025-11-02T18:32:57+00:00;70;
2025-11-02T22:32:08+00:00;70;
2025-11-02T22:32:09+00:00;72;
2025-11-02T22:36:08+00:00;72;
2025-11-02T22:36:09+00:00;78;
2025-11-02T22:38:15+00:00;82;
2025-11-02T22:39:57+00:00;84;
2025-11-02T22:41:15+00:00;86;
2025-11-02T22:42:57+00:00;88;
2025-11-02T22:44:33+00:00;90;
2025-11-02T22:46:39+00:00;94;
2025-11-02T22:48:39+00:00;96;
2025-11-02T22:49:51+00:00;98;
2025-11-02T22:56:51+00:00;100;
2025-11-02T23:34:36+00:00;97;
2025-11-02T23:37:00+00:00;97;
2025-11-02T23:38:54+00:00;97;
2025-11-02T23:42:12+00:00;97;
2025-11-03T00:01:18+00:00;95;
2025-11-03T00:08:54+00:00;93;
2025-11-03T00:09:00+00:00;95;
2025-11-03T00:28:06+00:00;93;
2025-11-03T00:34:45+00:00;95;
2025-11-03T00:37:39+00:00;93;
2025-11-03T02:13:41+00:00;93;
2025-11-03T02:13:42+00:00;97;
2025-11-03T02:19:48+00:00;99;
2025-11-03T03:36:42+00:00;97;
2025-11-03T03:43:53+00:00;95;
2025-11-03T03:46:59+00:00;93;
2025-11-03T03:48:41+00:00;89;
2025-11-03T03:59:59+00:00;89;
2025-11-03T04:00:00+00:00;100;
2025-11-03T04:04:33+00:00;57;
2025-11-03T04:10:50+00:00;57;
2025-11-03T04:10:51+00:00;94;
2025-11-03T04:11:15+00:00;99;
2025-11-03T04:18:39+00:00;89;
2025-11-03T04:57:09+00:00;86;
2025-11-03T05:29:00+00:00;70;
2025-11-03T10:36:44+00:00;70;
2025-11-03T10:36:45+00:00;87;
2025-11-03T10:40:03+00:00;81;
2025-11-03T10:40:51+00:00;77;
2025-11-03T10:43:03+00:00;75;
2025-11-03T12:12:06+00:00;75;
2025-11-03T12:12:07+00:00;100;
2025-11-03T12:15:12+00:00;45;
2025-11-03T12:16:42+00:00;34;
2025-11-03T12:20:06+00:00;38;
2025-11-03T12:25:32+00:00;38;
2025-11-03T12:25:33+00:00;82;
2025-11-03T12:26:27+00:00;99;
2025-11-03T12:28:40+00:00;70;
2025-11-03T13:59:59+00:00;70;
2025-11-03T14:00:00+00:00;100;
2025-11-03T14:05:18+00:00;48;
2025-11-03T14:10:35+00:00;48;
2025-11-03T14:10:36+00:00;64;
2025-11-03T14:13:59+00:00;64;
2025-11-03T14:14:00+00:00;100;
2025-11-03T14:22:21+00:00;70;
2025-11-03T16:33:12+00:00;70;
2025-11-03T16:33:13+00:00;100;
2025-11-03T16:36:33+00:00;62;
2025-11-03T16:38:57+00:00;29;
2025-11-03T16:41:27+00:00;31;
2025-11-03T16:46:38+00:00;31;
2025-11-03T16:46:39+00:00;43;
2025-11-03T16:49:39+00:00;21;
2025-11-03T16:52:51+00:00;23;
2025-11-03T16:56:38+00:00;23;
2025-11-03T16:56:39+00:00;35;
2025-11-03T16:59:08+00:00;35;
2025-11-03T16:59:09+00:00;49;
2025-11-03T17:06:39+00:00;49;
2025-11-03T17:06:40+00:00;99;
2025-11-03T17:07:36+00:00;75;
2025-11-03T17:10:47+00:00;79;
2025-11-03T17:11:47+00:00;81;
2025-11-03T17:13:52+00:00;70;
2025-11-03T18:35:31+00:00;70;
2025-11-03T18:35:32+00:00;96;
2025-11-03T18:39:51+00:00;100;
2025-11-03T18:43:06+00:00;56;
2025-11-03T18:46:18+00:00;16;
2025-11-03T18:50:18+00:00;18;
2025-11-03T18:52:54+00:00;22;
2025-11-03T18:58:05+00:00;22;
2025-11-03T18:58:06+00:00;38;
2025-11-03T19:03:12+00:00;38;
2025-11-03T19:03:13+00:00;86;
2025-11-03T19:04:01+00:00;100;
2025-11-03T19:07:34+00:00;96;
2025-11-03T19:10:21+00:00;90;
2025-11-03T20:23:09+00:00;88;
2025-11-03T20:23:45+00:00;88;
2025-11-03T21:18:39+00:00;84;
2025-11-03T21:19:09+00:00;82;
2025-11-03T21:43:35+00:00;70;
2025-11-03T22:30:55+00:00;70;
2025-11-03T22:30:56+00:00;82;
2025-11-03T22:33:57+00:00;76;
2025-11-03T22:36:15+00:00;66;
2025-11-03T22:37:15+00:00;64;
2025-11-03T22:41:57+00:00;64;
2025-11-03T22:43:27+00:00;62;
2025-11-03T22:45:33+00:00;60;
2025-11-03T22:48:09+00:00;56;
2025-11-03T22:53:33+00:00;59;
2025-11-03T22:56:09+00:00;61;
2025-11-03T22:57:27+00:00;63;
2025-11-03T22:58:27+00:00;65;
2025-11-03T22:59:51+00:00;67;
2025-11-03T23:01:16+00:00;69;
2025-11-03T23:02:16+00:00;71;
2025-11-03T23:04:10+00:00;73;
2025-11-03T23:05:33+00:00;73;
2025-11-03T23:05:34+00:00;79;
2025-11-03T23:17:45+00:00;77;
2025-11-03T23:19:03+00:00;75;
2025-11-03T23:23:54+00:00;59;
2025-11-03T23:26:42+00:00;53;
2025-11-03T23:40:54+00:00;51;
2025-11-03T23:43:06+00:00;51;
2025-11-03T23:44:48+00:00;49;
2025-11-04T00:04:01+00:00;47;
2025-11-04T00:10:12+00:00;45;
2025-11-04T01:21:58+00:00;45;
2025-11-04T01:21:59+00:00;70;
2025-11-04T02:10:18+00:00;64;
2025-11-04T02:10:48+00:00;62;
2025-11-04T02:12:00+00:00;62;
2025-11-04T02:19:27+00:00;60;
2025-11-04T02:23:27+00:00;58;
2025-11-04T02:31:39+00:00;61;
2025-11-04T02:33:09+00:00;63;
2025-11-04T02:34:09+00:00;65;
2025-11-04T02:39:56+00:00;69;
2025-11-04T02:48:44+00:00;71;
2025-11-04T02:52:02+00:00;73;
2025-11-04T02:55:38+00:00;77;
2025-11-04T02:58:02+00:00;79;
2025-11-04T03:16:33+00:00;81;
2025-11-04T03:42:17+00:00;78;
2025-11-04T03:46:35+00:00;78;
2025-11-04T03:49:23+00:00;76;
2025-11-04T03:51:35+00:00;71;
2025-11-04T03:52:11+00:00;71;
2025-11-04T03:59:59+00:00;71;
2025-11-04T04:00:00+00:00;100;
2025-11-04T04:04:56+00:00;56;
2025-11-04T04:06:44+00:00;60;
2025-11-04T04:11:01+00:00;60;
2025-11-04T04:11:02+00:00;99;
2025-11-04T04:18:05+00:00;71;
2025-11-04T10:06:46+00:00;71;
2025-11-04T10:06:47+00:00;100;
2025-11-04T10:11:55+00:00;24;
2025-11-04T10:15:07+00:00;26;
2025-11-04T10:18:33+00:00;26;
2025-11-04T10:18:34+00:00;36;
2025-11-04T10:23:39+00:00;36;
2025-11-04T10:23:40+00:00;89;
2025-11-04T10:24:10+00:00;100;
2025-11-04T10:26:04+00:00;70;
2025-11-04T13:34:10+00:00;70;
2025-11-04T13:34:11+00:00;100;
2025-11-04T13:38:40+00:00;39;
2025-11-04T13:39:40+00:00;37;
2025-11-04T13:45:03+00:00;37;
2025-11-04T13:45:04+00:00;65;
2025-11-04T13:47:15+00:00;65;
2025-11-04T13:47:16+00:00;100;
2025-11-04T13:49:38+00:00;70;
2025-11-04T13:59:59+00:00;70;
2025-11-04T14:00:00+00:00;100;
2025-11-04T14:04:39+00:00;75;
2025-11-04T14:09:49+00:00;75;
2025-11-04T14:09:50+00:00;99;
2025-11-04T14:19:38+00:00;70;
2025-11-04T16:41:31+00:00;70;
2025-11-04T16:41:32+00:00;100;
2025-11-04T16:46:17+00:00;36;
2025-11-04T16:47:17+00:00;32;
2025-11-04T16:51:16+00:00;32;
2025-11-04T16:51:17+00:00;42;
2025-11-04T16:56:10+00:00;42;
2025-11-04T16:56:11+00:00;100;
2025-11-04T16:59:34+00:00;70;
2025-11-04T17:08:12+00:00;70;
2025-11-04T17:08:13+00:00;100;
2025-11-04T17:11:38+00:00;59;
2025-11-04T17:14:29+00:00;22;
2025-11-04T17:21:40+00:00;22;
2025-11-04T17:21:41+00:00;34;
2025-11-04T17:24:34+00:00;34;
2025-11-04T17:24:35+00:00;50;
2025-11-04T17:26:59+00:00;42;
2025-11-04T17:29:47+00:00;28;
2025-11-04T17:36:57+00:00;28;
2025-11-04T17:36:58+00:00;54;
2025-11-04T17:39:51+00:00;54;
2025-11-04T17:39:52+00:00;100;
2025-11-04T17:41:37+00:00;70;
2025-11-04T18:34:26+00:00;70;
2025-11-04T18:34:27+00:00;100;
2025-11-04T18:36:54+00:00;94;
2025-11-04T18:41:53+00:00;10;
2025-11-04T18:42:29+00:00;8;
2025-11-04T18:53:23+00:00;10;
2025-11-04T18:56:35+00:00;12;
2025-11-04T18:59:29+00:00;14;
2025-11-04T19:02:36+00:00;16;
2025-11-04T19:04:12+00:00;18;
2025-11-04T19:05:48+00:00;20;
2025-11-04T19:06:48+00:00;22;
2025-11-04T19:08:00+00:00;24;
2025-11-04T19:12:05+00:00;24;
2025-11-04T19:12:06+00:00;36;
2025-11-04T19:17:26+00:00;36;
2025-11-04T19:17:27+00:00;66;
2025-11-04T19:20:44+00:00;66;
2025-11-04T19:20:45+00:00;100;
2025-11-04T19:26:47+00:00;70;
2025-11-04T22:28:45+00:00;70;
2025-11-04T22:28:46+00:00;100;
2025-11-04T22:33:38+00:00;46;
2025-11-04T22:34:38+00:00;44;
2025-11-04T22:38:43+00:00;44;
2025-11-04T22:38:44+00:00;66;
2025-11-04T22:41:01+00:00;66;
2025-11-04T22:41:02+00:00;100;
2025-11-04T22:44:58+00:00;70;
2025-11-05T00:11:53+00:00;70;
2025-11-05T00:11:54+00:00;80;
2025-11-05T00:14:06+00:00;82;
2025-11-05T00:14:12+00:00;80;
2025-11-05T00:15:12+00:00;82;
2025-11-05T00:25:42+00:00;84;
2025-11-05T00:28:30+00:00;88;
2025-11-05T00:30:24+00:00;90;
2025-11-05T00:31:36+00:00;92;
2025-11-05T00:32:54+00:00;94;
2025-11-05T00:43:24+00:00;98;
2025-11-05T01:04:48+00:00;93;
2025-11-05T01:31:15+00:00;87;
2025-11-05T02:15:24+00:00;85;
2025-11-05T02:32:30+00:00;83;
2025-11-05T02:42:44+00:00;70;
2025-11-05T04:14:24+00:00;70;
2025-11-05T04:14:25+00:00;84;
2025-11-05T05:53:45+00:00;70;
2025-11-05T13:59:59+00:00;70;
2025-11-05T14:00:00+00:00;100;
2025-11-05T14:04:52+00:00;30;
2025-11-05T14:06:04+00:00;14;
2025-11-05T14:07:25+00:00;8;
2025-11-05T14:08:25+00:00;6;
2025-11-05T14:11:31+00:00;8;
2025-11-05T14:16:43+00:00;10;
2025-11-05T14:19:31+00:00;12;
2025-11-05T14:22:37+00:00;14;
2025-11-05T14:25:43+00:00;16;
2025-11-05T14:27:19+00:00;18;
2025-11-05T14:29:07+00:00;20;
2025-11-05T14:30:25+00:00;22;
2025-11-05T14:31:43+00:00;24;
2025-11-05T14:33:37+00:00;28;
2025-11-05T14:36:23+00:00;28;
2025-11-05T14:36:24+00:00;34;
2025-11-05T14:39:12+00:00;36;
2025-11-05T14:44:23+00:00;36;
2025-11-05T14:44:24+00:00;64;
2025-11-05T14:47:47+00:00;64;
2025-11-05T14:47:48+00:00;99;
2025-11-05T14:56:02+00:00;70;
2025-11-05T17:00:58+00:00;70;
2025-11-05T17:00:59+00:00;100;
2025-11-05T17:05:21+00:00;28;
2025-11-05T17:05:33+00:00;26;
2025-11-05T17:06:24+00:00;20;
2025-11-05T17:11:24+00:00;22;
2025-11-05T17:15:29+00:00;22;
2025-11-05T17:15:30+00:00;34;
2025-11-05T17:19:11+00:00;34;
2025-11-05T17:19:12+00:00;58;
2025-11-05T17:20:42+00:00;52;
2025-11-05T17:25:00+00:00;21;
2025-11-05T17:29:54+00:00;23;
2025-11-05T17:35:40+00:00;23;
2025-11-05T17:35:41+00:00;41;
2025-11-05T17:40:46+00:00;41;
2025-11-05T17:40:47+00:00;95;
2025-11-05T17:41:05+00:00;100;
2025-11-05T17:42:56+00:00;70;
2025-11-05T18:38:24+00:00;70;
2025-11-05T18:38:25+00:00;100;
2025-11-05T18:41:28+00:00;71;
2025-11-05T18:44:58+00:00;22;
2025-11-05T18:48:10+00:00;24;
2025-11-05T18:51:21+00:00;24;
2025-11-05T18:51:22+00:00;34;
2025-11-05T18:56:33+00:00;34;
2025-11-05T18:56:34+00:00;80;
2025-11-05T18:57:45+00:00;80;
2025-11-05T18:57:46+00:00;100;
2025-11-05T19:00:58+00:00;70;
2025-11-05T23:11:03+00:00;70;
2025-11-05T23:11:04+00:00;84;
2025-11-05T23:16:20+00:00;82;
2025-11-05T23:32:43+00:00;82;
2025-11-05T23:32:44+00:00;88;
2025-11-05T23:37:31+00:00;88;
2025-11-05T23:37:32+00:00;98;
2025-11-05T23:40:20+00:00;100;
2025-11-06T00:58:24+00:00;70;
2025-11-06T01:04:57+00:00;70;
2025-11-06T01:04:58+00:00;100;
2025-11-06T01:35:55+00:00;70;
2025-11-06T03:10:27+00:00;70;
2025-11-06T03:10:28+00:00;100;
2025-11-06T04:03:10+00:00;66;
2025-11-06T04:04:40+00:00;68;
2025-11-06T04:08:09+00:00;68;
2025-11-06T04:08:10+00:00;100;
2025-11-06T04:19:03+00:00;97;
2025-11-06T04:33:48+00:00;70;
2025-11-06T13:59:59+00:00;70;
2025-11-06T14:00:00+00:00;100;
2025-11-06T14:03:59+00:00;45;
2025-11-06T14:08:41+00:00;6;
2025-11-06T14:09:29+00:00;4;
2025-11-06T14:26:11+00:00;6;
2025-11-06T14:32:29+00:00;8;
2025-11-06T14:38:22+00:00;10;
2025-11-06T14:40:58+00:00;12;
2025-11-06T14:44:10+00:00;14;
2025-11-06T14:48:04+00:00;16;
2025-11-06T14:50:04+00:00;18;
2025-11-06T14:52:34+00:00;20;
2025-11-06T14:54:04+00:00;22;
2025-11-06T14:56:10+00:00;24;
2025-11-06T14:58:10+00:00;24;
2025-11-06T14:58:11+00:00;70;
2025-11-06T15:09:38+00:00;43;
2025-11-06T15:10:56+00:00;39;
2025-11-06T15:14:32+00:00;43;
2025-11-06T15:19:37+00:00;43;
2025-11-06T15:19:38+00:00;63;
2025-11-06T15:24:25+00:00;63;
2025-11-06T15:24:26+00:00;99;
2025-11-06T15:34:32+00:00;70;
2025-11-06T16:37:25+00:00;70;
2025-11-06T16:37:26+00:00;100;
2025-11-06T16:43:13+00:00;26;
2025-11-06T16:49:30+00:00;26;
2025-11-06T16:49:31+00:00;40;
2025-11-06T16:54:36+00:00;40;
2025-11-06T16:54:37+00:00;99;
2025-11-06T17:00:11+00:00;63;
2025-11-06T17:01:23+00:00;55;
2025-11-06T17:02:47+00:00;57;
2025-11-06T17:04:59+00:00;53;
2025-11-06T17:05:59+00:00;51;
2025-11-06T17:10:16+00:00;51;
2025-11-06T17:10:17+00:00;85;
2025-11-06T17:11:18+00:00;70;
2025-11-06T22:52:05+00:00;70;
2025-11-06T22:52:06+00:00;97;
2025-11-06T22:56:41+00:00;85;
2025-11-06T22:57:41+00:00;83;
2025-11-06T23:00:30+00:00;81;
2025-11-06T23:13:53+00:00;83;
2025-11-06T23:17:34+00:00;83;
2025-11-06T23:17:35+00:00;93;
2025-11-06T23:19:22+00:00;93;
2025-11-06T23:19:23+00:00;99;
2025-11-07T01:16:17+00:00;97;
2025-11-07T01:34:23+00:00;95;
2025-11-07T01:43:05+00:00;91;
2025-11-07T01:43:47+00:00;93;
2025-11-07T01:58:14+00:00;90;
2025-11-07T03:56:26+00:00;88;
2025-11-07T03:59:59+00:00;88;
2025-11-07T04:00:00+00:00;100;
2025-11-07T04:04:11+00:00;51;
2025-11-07T04:04:41+00:00;49;
2025-11-07T04:09:04+00:00;49;
2025-11-07T04:09:05+00:00;65;
2025-11-07T04:12:09+00:00;65;
2025-11-07T04:12:10+00:00;99;
2025-11-07T04:19:55+00:00;89;
2025-11-07T04:23:12+00:00;70;
2025-11-07T13:59:59+00:00;70;
2025-11-07T14:00:00+00:00;100;
2025-11-07T14:03:34+00:00;56;
2025-11-07T14:06:28+00:00;16;
2025-11-07T14:07:40+00:00;14;
2025-11-07T14:10:46+00:00;16;
2025-11-07T14:11:58+00:00;18;
2025-11-07T14:13:34+00:00;20;
2025-11-07T14:14:34+00:00;22;
2025-11-07T14:15:52+00:00;24;
2025-11-07T14:18:09+00:00;24;
2025-11-07T14:18:10+00:00;30;
2025-11-07T14:23:38+00:00;30;
2025-11-07T14:23:39+00:00;54;
2025-11-07T14:28:38+00:00;54;
2025-11-07T14:28:39+00:00;97;
2025-11-07T14:28:51+00:00;99;
2025-11-07T14:36:27+00:00;70;
2025-11-07T16:58:29+00:00;70;
2025-11-07T16:58:30+00:00;100;
2025-11-07T17:03:49+00:00;24;
2025-11-07T17:07:07+00:00;6;
2025-11-07T17:13:49+00:00;8;
2025-11-07T17:24:06+00:00;10;
2025-11-07T17:28:06+00:00;12;
2025-11-07T17:33:00+00:00;14;
2025-11-07T17:35:24+00:00;16;
2025-11-07T17:36:36+00:00;18;
2025-11-07T17:39:00+00:00;22;
2025-11-07T17:40:00+00:00;24;
2025-11-07T17:43:23+00:00;24;
2025-11-07T17:43:24+00:00;34;
2025-11-07T17:49:26+00:00;34;
2025-11-07T17:49:27+00:00;66;
2025-11-07T17:52:20+00:00;66;
2025-11-07T17:52:21+00:00;99;
2025-11-07T17:59:37+00:00;70;
2025-11-07T18:18:00+00:00;70;
2025-11-07T18:18:01+00:00;100;
2025-11-07T18:24:15+00:00;22;
2025-11-07T18:27:27+00:00;24;
2025-11-07T18:29:09+00:00;28;
2025-11-07T18:34:38+00:00;28;
2025-11-07T18:34:39+00:00;58;
2025-11-07T18:37:38+00:00;58;
2025-11-07T18:37:39+00:00;100;
2025-11-07T18:40:30+00:00;89;
2025-11-07T18:44:31+00:00;80;
2025-11-07T19:00:04+00:00;78;
2025-11-07T19:03:41+00:00;74;
2025-11-07T19:05:17+00:00;74;
2025-11-07T19:06:05+00:00;72;
2025-11-07T19:20:04+00:00;72;
2025-11-07T19:23:34+00:00;70;
2025-11-07T19:28:34+00:00;70;
2025-11-07T19:30:04+00:00;68;
2025-11-07T19:47:37+00:00;66;
2025-11-07T20:05:32+00:00;69;
2025-11-07T20:57:28+00:00;71;
2025-11-07T21:03:47+00:00;75;
2025-11-07T21:05:23+00:00;77;
2025-11-07T21:06:11+00:00;79;
2025-11-07T21:11:23+00:00;81;
2025-11-07T21:18:22+00:00;85;
2025-11-07T21:40:04+00:00;87;
2025-11-07T23:46:04+00:00;87;
2025-11-08T00:09:12+00:00;70;
2025-11-08T01:25:32+00:00;70;
2025-11-08T01:25:33+00:00;87;
2025-11-08T01:53:07+00:00;89;
2025-11-08T01:56:00+00:00;89;
2025-11-08T01:56:01+00:00;97;
2025-11-08T02:00:20+00:00;99;
2025-11-08T03:04:53+00:00;97;
2025-11-08T03:06:23+00:00;97;
2025-11-08T03:08:59+00:00;95;
2025-11-08T03:12:04+00:00;91;
2025-11-08T03:24:22+00:00;86;
2025-11-08T03:59:59+00:00;86;
2025-11-08T04:00:00+00:00;100;
2025-11-08T04:03:39+00:00;63;
2025-11-08T04:04:09+00:00;61;
2025-11-08T04:08:50+00:00;61;
2025-11-08T04:08:51+00:00;83;
2025-11-08T04:10:08+00:00;83;
2025-11-08T04:10:09+00:00;100;
2025-11-08T04:17:09+00:00;87;
2025-11-08T04:46:12+00:00;91;
2025-11-08T06:04:16+00:00;88;
2025-11-08T06:05:10+00:00;86;
2025-11-08T06:12:40+00:00;82;
2025-11-08T06:37:45+00:00;82;
2025-11-08T06:39:27+00:00;80;
2025-11-08T06:41:39+00:00;78;
2025-11-08T06:50:19+00:00;78;
2025-11-08T06:50:20+00:00;100;
2025-11-08T06:55:00+00:00;28;
2025-11-08T06:57:30+00:00;10;
2025-11-08T07:03:13+00:00;12;
2025-11-08T07:05:31+00:00;14;
2025-11-08T07:08:13+00:00;16;
2025-11-08T07:09:25+00:00;18;
2025-11-08T07:11:13+00:00;20;
2025-11-08T07:12:13+00:00;22;
2025-11-08T07:14:01+00:00;24;
2025-11-08T07:15:07+00:00;26;
2025-11-08T07:19:59+00:00;26;
2025-11-08T07:20:00+00:00;46;
2025-11-08T07:24:53+00:00;46;
2025-11-08T07:24:54+00:00;99;
2025-11-08T07:29:19+00:00;79;
2025-11-08T07:32:28+00:00;77;
2025-11-08T08:17:08+00:00;77;
2025-11-08T08:17:09+00:00;100;
2025-11-08T08:19:54+00:00;71;
2025-11-08T08:22:24+00:00;35;
2025-11-08T08:24:18+00:00;37;
2025-11-08T08:29:59+00:00;37;
2025-11-08T08:30:00+00:00;80;
2025-11-08T08:31:29+00:00;80;
2025-11-08T08:31:30+00:00;99;
2025-11-08T08:33:56+00:00;78;
2025-11-08T08:49:21+00:00;70;
2025-11-08T13:59:59+00:00;70;
2025-11-08T14:00:00+00:00;100;
2025-11-08T14:06:41+00:00;14;
2025-11-08T14:07:29+00:00;12;
2025-11-08T14:10:41+00:00;14;
2025-11-08T14:13:05+00:00;16;
2025-11-08T14:14:17+00:00;18;
2025-11-08T14:16:47+00:00;22;
2025-11-08T14:17:59+00:00;24;
2025-11-08T14:22:04+00:00;24;
2025-11-08T14:22:05+00:00;36;
2025-11-08T14:27:15+00:00;36;
2025-11-08T14:27:16+00:00;71;
2025-11-08T14:29:21+00:00;71;
2025-11-08T14:29:22+00:00;100;
2025-11-08T14:35:13+00:00;70;
2025-11-08T17:01:12+00:00;70;
2025-11-08T17:01:13+00:00;100;
2025-11-08T17:07:28+00:00;22;
2025-11-08T17:11:22+00:00;24;
2025-11-08T17:13:16+00:00;28;
2025-11-08T17:18:33+00:00;28;
2025-11-08T17:18:34+00:00;54;
2025-11-08T17:21:57+00:00;54;
2025-11-08T17:21:58+00:00;100;
2025-11-08T17:25:01+00:00;70;
2025-11-08T17:37:08+00:00;70;
2025-11-08T17:37:09+00:00;100;
2025-11-08T17:43:44+00:00;16;
2025-11-08T17:46:08+00:00;6;
2025-11-08T17:57:38+00:00;8;
2025-11-08T18:06:39+00:00;10;
2025-11-08T18:09:27+00:00;12;
2025-11-08T18:12:15+00:00;14;
2025-11-08T18:15:09+00:00;16;
2025-11-08T18:16:39+00:00;18;
2025-11-08T18:18:20+00:00;20;
2025-11-08T18:19:26+00:00;22;
2025-11-08T18:20:44+00:00;24;
2025-11-08T18:24:01+00:00;24;
2025-11-08T18:24:02+00:00;32;
2025-11-08T18:29:19+00:00;32;
2025-11-08T18:29:20+00:00;54;
2025-11-08T18:34:13+00:00;54;
2025-11-08T18:34:14+00:00;100;
2025-11-08T18:41:27+00:00;70;
2025-11-08T19:44:10+00:00;70;
2025-11-08T19:44:11+00:00;78;
2025-11-08T20:03:54+00:00;82;
2025-11-08T20:04:48+00:00;84;
2025-11-08T20:05:48+00:00;86;
2025-11-08T20:08:41+00:00;86;
2025-11-08T20:08:42+00:00;94;
2025-11-08T20:10:54+00:00;98;
2025-11-08T20:13:12+00:00;100;
2025-11-08T21:50:29+00:00;97;
2025-11-08T21:51:29+00:00;95;
2025-11-08T22:16:30+00:00;91;
2025-11-08T22:37:23+00:00;91;
2025-11-08T22:42:08+00:00;88;
2025-11-08T23:07:15+00:00;70;
2025-11-09T00:22:35+00:00;70;
2025-11-09T00:22:36+00:00;88;
2025-11-09T00:53:14+00:00;90;
2025-11-09T00:55:14+00:00;94;
2025-11-09T00:59:14+00:00;96;
2025-11-09T01:04:57+00:00;98;
2025-11-09T01:36:14+00:00;95;
2025-11-09T01:37:08+00:00;93;
2025-11-09T01:38:41+00:00;91;
2025-11-09T01:44:05+00:00;88;
2025-11-09T02:06:30+00:00;88;
2025-11-09T02:07:12+00:00;86;
2025-11-09T03:59:59+00:00;86;
2025-11-09T04:00:00+00:00;100;
2025-11-09T04:02:26+00:00;85;
2025-11-09T04:04:08+00:00;73;
2025-11-09T04:07:31+00:00;73;
2025-11-09T04:07:32+00:00;85;
2025-11-09T04:08:55+00:00;85;
2025-11-09T04:08:56+00:00;100;
2025-11-09T04:16:22+00:00;87;
2025-11-09T04:18:56+00:00;85;
2025-11-09T04:46:22+00:00;81;
2025-11-09T05:10:11+00:00;79;
2025-11-09T05:11:29+00:00;79;
2025-11-09T05:22:17+00:00;75;
2025-11-09T05:23:17+00:00;73;
2025-11-09T06:12:08+00:00;71;
2025-11-09T06:40:28+00:00;71;
2025-11-09T06:42:10+00:00;69;
2025-11-09T06:52:04+00:00;69;
2025-11-09T07:30:47+00:00;69;
2025-11-09T09:13:44+00:00;69;
2025-11-09T09:13:45+00:00;100;
2025-11-09T09:19:00+00:00;13;
2025-11-09T09:20:12+00:00;7;
2025-11-09T09:28:12+00:00;9;
2025-11-09T09:32:18+00:00;11;
2025-11-09T09:34:39+00:00;13;
2025-11-09T09:37:14+00:00;15;
2025-11-09T09:39:08+00:00;17;
2025-11-09T09:40:38+00:00;19;
2025-11-09T09:41:50+00:00;21;
2025-11-09T09:42:56+00:00;23;
2025-11-09T09:44:38+00:00;27;
2025-11-09T09:49:31+00:00;27;
2025-11-09T09:49:32+00:00;51;
2025-11-09T09:53:07+00:00;51;
2025-11-09T09:53:08+00:00;100;
2025-11-09T09:55:23+00:00;70;
2025-11-09T13:59:59+00:00;70;
2025-11-09T14:00:00+00:00;100;
2025-11-09T14:06:16+00:00;22;
2025-11-09T14:10:10+00:00;24;
2025-11-09T14:11:16+00:00;26;
2025-11-09T14:16:51+00:00;26;
2025-11-09T14:16:52+00:00;44;
2025-11-09T14:21:50+00:00;44;
2025-11-09T14:21:51+00:00;75;
2025-11-09T14:24:26+00:00;75;
2025-11-09T14:24:27+00:00;99;
2025-11-09T14:34:19+00:00;70;
2025-11-09T16:58:28+00:00;70;
2025-11-09T16:58:29+00:00;100;
2025-11-09T17:02:51+00:00;41;
2025-11-09T17:04:39+00:00;33;
2025-11-09T17:07:56+00:00;33;
2025-11-09T17:07:57+00:00;41;
2025-11-09T17:13:02+00:00;41;
2025-11-09T17:13:03+00:00;75;
2025-11-09T17:14:50+00:00;75;
2025-11-09T17:14:51+00:00;100;
2025-11-09T17:18:05+00:00;70;
2025-11-09T17:57:11+00:00;70;
2025-11-09T17:57:12+00:00;100;
2025-11-09T18:02:35+00:00;24;
2025-11-09T18:03:59+00:00;18;
2025-11-09T18:07:41+00:00;20;
2025-11-09T18:08:53+00:00;22;
2025-11-09T18:12:28+00:00;22;
2025-11-09T18:12:29+00:00;32;
2025-11-09T18:17:46+00:00;32;
2025-11-09T18:17:47+00:00;73;
2025-11-09T18:19:28+00:00;73;
2025-11-09T18:19:29+00:00;100;
2025-11-09T18:22:20+00:00;70;
2025-11-09T19:38:59+00:00;70;
2025-11-09T19:39:00+00:00;72;
2025-11-09T19:39:42+00:00;74;
2025-11-09T19:41:24+00:00;78;
2025-11-09T19:43:41+00:00;78;
2025-11-09T19:43:42+00:00;84;
2025-11-09T19:48:53+00:00;84;
2025-11-09T19:48:54+00:00;96;
2025-11-09T19:49:36+00:00;98;
2025-11-09T19:51:24+00:00;100;
2025-11-09T21:30:20+00:00;70;
2025-11-09T21:37:58+00:00;70;
2025-11-09T21:37:59+00:00;100;
2025-11-09T22:35:24+00:00;98;
2025-11-09T22:36:24+00:00;96;
2025-11-09T22:39:00+00:00;92;
2025-11-09T22:40:00+00:00;90;
2025-11-09T22:40:54+00:00;86;
2025-11-09T22:43:48+00:00;80;
2025-11-09T22:44:54+00:00;78;
2025-11-09T22:46:00+00:00;76;
2025-11-09T22:54:24+00:00;74;
2025-11-09T22:57:30+00:00;72;
2025-11-09T23:11:24+00:00;75;
2025-11-09T23:12:24+00:00;77;
2025-11-09T23:13:54+00:00;79;
2025-11-09T23:15:12+00:00;81;
2025-11-09T23:16:18+00:00;83;
2025-11-09T23:18:48+00:00;87;
2025-11-09T23:20:12+00:00;89;
2025-11-09T23:21:18+00:00;93;
2025-11-09T23:23:54+00:00;95;
2025-11-09T23:26:12+00:00;97;
2025-11-09T23:27:30+00:00;99;
2025-11-10T01:12:30+00:00;93;
2025-11-10T01:15:00+00:00;87;
2025-11-10T01:17:48+00:00;81;
2025-11-10T01:19:24+00:00;77;
2025-11-10T01:20:30+00:00;75;
2025-11-10T01:24:06+00:00;67;
2025-11-10T01:25:42+00:00;65;
2025-11-10T01:26:30+00:00;63;
2025-11-10T01:29:45+00:00;59;
2025-11-10T02:41:12+00:00;59;
2025-11-10T02:42:42+00:00;55;
2025-11-10T03:13:12+00:00;57;
2025-11-10T03:17:06+00:00;59;
2025-11-10T03:18:48+00:00;61;
2025-11-10T03:23:06+00:00;63;
2025-11-10T03:31:09+00:00;65;
2025-11-10T03:35:09+00:00;67;
2025-11-10T03:38:51+00:00;67;
2025-11-10T03:43:09+00:00;71;
2025-11-10T03:55:09+00:00;73;
2025-11-10T03:59:59+00:00;73;
2025-11-10T04:00:00+00:00;100;
2025-11-10T04:02:02+00:00;83;
2025-11-10T04:03:14+00:00;72;
2025-11-10T04:07:07+00:00;72;
2025-11-10T04:07:08+00:00;86;
2025-11-10T04:08:19+00:00;86;
2025-11-10T04:08:20+00:00;100;
2025-11-10T04:15:32+00:00;73;
2025-11-10T04:20:51+00:00;73;
2025-11-10T04:20:52+00:00;85;
2025-11-10T04:30:19+00:00;87;
2025-11-10T04:51:31+00:00;77;
2025-11-10T04:55:13+00:00;65;
2025-11-10T04:56:43+00:00;63;
2025-11-10T05:23:42+00:00;63;
2025-11-10T05:23:43+00:00;70;
2025-11-10T08:08:53+00:00;70;
2025-11-10T08:08:54+00:00;100;
2025-11-10T08:20:56+00:00;70;
2025-11-10T11:40:28+00:00;70;
2025-11-10T11:40:29+00:00;80;
2025-11-10T11:41:41+00:00;84;
2025-11-10T11:44:35+00:00;88;
2025-11-10T11:47:05+00:00;88;
2025-11-10T11:50:28+00:00;88;
2025-11-10T11:50:29+00:00;94;
2025-11-10T11:52:59+00:00;96;
2025-11-10T11:56:41+00:00;98;
2025-11-10T12:03:23+00:00;100;
2025-11-10T12:54:44+00:00;70;
2025-11-10T13:00:06+00:00;20;
2025-11-10T13:01:25+00:00;18;
2025-11-10T13:03:56+00:00;20;
2025-11-10T13:04:56+00:00;22;
2025-11-10T13:06:02+00:00;24;
2025-11-10T13:10:34+00:00;24;
2025-11-10T13:10:35+00:00;44;
2025-11-10T13:14:52+00:00;44;
2025-11-10T13:14:53+00:00;100;
2025-11-10T13:16:58+00:00;70;
2025-11-10T13:59:59+00:00;70;
2025-11-10T14:00:00+00:00;100;
2025-11-10T14:05:02+00:00;57;
2025-11-10T14:11:28+00:00;57;
2025-11-10T14:11:29+00:00;81;
2025-11-10T14:13:04+00:00;81;
2025-11-10T14:13:05+00:00;99;
2025-11-10T14:22:00+00:00;70;
2025-11-10T16:43:34+00:00;70;
2025-11-10T16:43:35+00:00;100;
2025-11-10T16:48:58+00:00;24;
2025-11-10T16:50:04+00:00;20;
2025-11-10T16:53:46+00:00;22;
2025-11-10T16:59:09+00:00;22;
2025-11-10T16:59:10+00:00;40;
2025-11-10T17:04:22+00:00;40;
2025-11-10T17:04:23+00:00;95;
2025-11-10T17:05:05+00:00;100;
2025-11-10T17:09:44+00:00;57;
2025-11-10T17:13:55+00:00;11;
2025-11-10T17:16:07+00:00;7;
2025-11-10T17:36:25+00:00;9;
2025-11-10T17:40:01+00:00;11;
2025-11-10T17:41:37+00:00;13;
2025-11-10T17:44:13+00:00;15;
2025-11-10T17:46:07+00:00;17;
2025-11-10T17:48:18+00:00;17;
2025-11-10T17:48:19+00:00;70;
2025-11-10T18:00:03+00:00;42;
2025-11-10T18:00:34+00:00;40;
2025-11-10T18:05:31+00:00;40;
2025-11-10T18:05:32+00:00;52;
2025-11-10T18:10:28+00:00;52;
2025-11-10T18:10:29+00:00;99;
2025-11-10T18:19:50+00:00;97;
2025-11-10T18:21:38+00:00;99;
2025-11-10T18:39:05+00:00;14;
2025-11-10T18:41:05+00:00;6;
2025-11-10T18:47:34+00:00;8;
2025-11-10T18:59:10+00:00;10;
2025-11-10T19:01:35+00:00;12;
2025-11-10T19:04:11+00:00;14;
2025-11-10T19:06:08+00:00;16;
2025-11-10T19:07:20+00:00;18;
2025-11-10T19:09:02+00:00;20;
2025-11-10T19:10:02+00:00;22;
2025-11-10T19:13:19+00:00;22;
2025-11-10T19:13:20+00:00;30;
2025-11-10T19:18:37+00:00;30;
2025-11-10T19:18:38+00:00;52;
2025-11-10T19:23:01+00:00;52;
2025-11-10T19:23:02+00:00;100;
2025-11-11T04:02:21+00:00;94;
2025-11-11T04:04:31+00:00;71;
2025-11-11T04:07:18+00:00;71;
2025-11-11T04:07:19+00:00;77;
2025-11-11T04:10:00+00:00;77;
2025-11-11T04:10:01+00:00;100;
2025-11-11T04:38:07+00:00;70;
2025-11-11T04:51:01+00:00;70;
2025-11-11T04:51:02+00:00;100;
2025-11-11T05:47:06+00:00;70;
2025-11-11T07:21:20+00:00;70;
2025-11-11T07:21:21+00:00;100;
2025-11-11T08:51:42+00:00;96;
2025-11-11T08:54:24+00:00;92;
2025-11-11T11:48:43+00:00;92;
2025-11-11T11:48:44+00:00;100;
2025-11-11T11:50:43+00:00;85;
2025-11-11T11:53:43+00:00;27;
2025-11-11T11:58:27+00:00;27;
2025-11-11T11:58:28+00:00;35;
2025-11-11T11:59:57+00:00;35;
2025-11-11T11:59:58+00:00;43;
2025-11-11T12:04:27+00:00;43;
2025-11-11T12:04:28+00:00;100;
2025-11-11T12:06:25+00:00;70;
2025-11-11T13:59:59+00:00;70;
2025-11-11T14:00:00+00:00;100;
2025-11-11T14:05:34+00:00;41;
2025-11-11T14:09:40+00:00;41;
2025-11-11T14:16:39+00:00;41;
2025-11-11T14:16:40+00:00;78;
2025-11-11T14:18:27+00:00;78;
2025-11-11T14:18:28+00:00;100;
2025-11-11T14:25:46+00:00;70;
2025-11-11T17:05:09+00:00;70;
2025-11-11T17:05:10+00:00;100;
2025-11-11T17:10:46+00:00;28;
2025-11-11T17:13:58+00:00;30;
2025-11-11T17:17:10+00:00;32;
2025-11-11T17:19:10+00:00;36;
2025-11-11T17:20:40+00:00;38;
2025-11-11T17:21:46+00:00;40;
2025-11-11T17:26:56+00:00;40;
2025-11-11T17:26:57+00:00;79;
2025-11-11T17:28:08+00:00;79;
2025-11-11T17:28:09+00:00;99;
2025-11-11T17:30:41+00:00;70;
2025-11-11T17:45:32+00:00;70;
2025-11-11T17:45:33+00:00;100;
2025-11-11T17:51:01+00:00;30;
2025-11-11T17:52:07+00:00;28;
2025-11-11T17:57:33+00:00;28;
2025-11-11T17:57:34+00:00;44;
2025-11-11T18:02:10+00:00;44;
2025-11-11T18:02:11+00:00;100;
2025-11-11T18:05:02+00:00;92;
2025-11-11T18:27:31+00:00;96;
2025-11-11T18:28:43+00:00;100;
2025-11-11T18:32:44+00:00;56;
2025-11-11T18:37:50+00:00;6;
2025-11-11T18:47:32+00:00;8;
2025-11-11T18:56:47+00:00;10;
2025-11-11T18:59:35+00:00;12;
2025-11-11T19:02:06+00:00;14;
2025-11-11T19:05:00+00:00;16;
2025-11-11T19:06:24+00:00;18;
2025-11-11T19:08:06+00:00;20;
2025-11-11T19:09:12+00:00;22;
2025-11-11T19:10:23+00:00;24;
2025-11-11T19:13:22+00:00;24;
2025-11-11T19:13:23+00:00;32;
2025-11-11T19:18:10+00:00;32;
2025-11-11T19:18:11+00:00;52;
2025-11-11T19:23:04+00:00;52;
2025-11-11T19:23:05+00:00;100;
2025-11-11T20:31:46+00:00;70;
2025-11-11T20:39:27+00:00;70;
2025-11-11T20:39:28+00:00;100;
2025-11-11T21:22:48+00:00;70;
2025-11-11T21:29:58+00:00;70;
2025-11-11T21:29:59+00:00;100;
2025-11-11T22:23:34+00:00;70;
2025-11-12T03:58:38+00:00;70;
2025-11-12T03:58:39+00:00;100;
2025-11-12T04:04:24+00:00;52;
2025-11-12T04:06:42+00:00;54;
2025-11-12T04:11:35+00:00;54;
2025-11-12T04:11:36+00:00;99;
2025-11-12T04:54:33+00:00;95;
2025-11-12T04:56:51+00:00;95;
2025-11-12T05:01:22+00:00;83;
2025-11-12T05:03:28+00:00;77;
2025-11-12T05:04:28+00:00;75;
2025-11-12T05:05:33+00:00;73;
2025-11-12T05:07:15+00:00;71;
2025-11-12T05:08:45+00:00;67;
2025-11-12T06:49:05+00:00;67;
2025-11-12T06:49:06+00:00;69;
Wed Nov 12 2025 09:22:55 GMT+0100 (Central European Standard Time);69;
