timestamp;[Evap­orator (BT16)][°C][40020];
2025-11-09T23:06:16+00:00;1.4;
2025-11-09T23:08:57+00:00;0.4;
2025-11-09T23:13:29+00:00;-1.1;
2025-11-09T23:18:37+00:00;-2.6;
2025-11-09T23:25:12+00:00;-4.1;
2025-11-09T23:32:26+00:00;-4.6;
2025-11-09T23:35:30+00:00;-6.1;
2025-11-09T23:38:31+00:00;-7.1;
2025-11-09T23:50:30+00:00;-9.6;
2025-11-09T23:57:53+00:00;-10.6;
2025-11-10T00:07:08+00:00;-11.6;
2025-11-10T00:29:10+00:00;-10.6;
2025-11-10T00:36:33+00:00;-9.1;
2025-11-10T00:51:27+00:00;-7.1;
2025-11-10T01:01:54+00:00;-5.1;
2025-11-10T01:10:07+00:00;-3.6;
2025-11-10T01:18:54+00:00;-2.1;
2025-11-10T01:22:56+00:00;-1.1;
2025-11-10T01:27:21+00:00;-0.1;
2025-11-10T01:52:13+00:00;1.9;
2025-11-10T02:58:41+00:00;1.4;
2025-11-10T03:24:37+00:00;-0.6;
2025-11-10T03:57:08+00:00;-2.6;
2025-11-10T04:05:26+00:00;-10.1;
2025-11-10T04:13:59+00:00;-9.1;
2025-11-10T04:22:30+00:00;-9.1;
2025-11-10T04:22:31+00:00;-2.6;
2025-11-10T04:32:57+00:00;-3.6;
2025-11-10T04:45:58+00:00;-2.1;
2025-11-10T04:57:35+00:00;0.4;
2025-11-10T05:04:19+00:00;1.4;
2025-11-10T05:29:41+00:00;1.4;
2025-11-10T05:29:42+00:00;14.9;
2025-11-10T05:37:21+00:00;16.4;
2025-11-10T05:54:09+00:00;18.4;
2025-11-10T06:19:25+00:00;19.9;
2025-11-10T08:07:59+00:00;19.9;
2025-11-10T08:08:00+00:00;21.2;
2025-11-10T08:12:52+00:00;22.2;
2025-11-10T10:24:31+00:00;20.7;
2025-11-10T11:40:35+00:00;1.0;
2025-11-10T13:14:03+00:00;-8.0;
2025-11-10T13:25:29+00:00;-8.0;
2025-11-10T13:25:30+00:00;13.5;
2025-11-10T13:46:00+00:00;16.0;
2025-11-10T13:49:00+00:00;16.5;
2025-11-10T13:59:39+00:00;18.5;
2025-11-10T14:04:38+00:00;-10.9;
2025-11-10T14:19:43+00:00;-8.9;
2025-11-10T14:26:30+00:00;-8.9;
2025-11-10T14:26:31+00:00;10.1;
2025-11-10T14:36:02+00:00;15.1;
2025-11-10T14:43:02+00:00;17.6;
2025-11-10T14:59:09+00:00;19.1;
2025-11-10T15:33:46+00:00;20.1;
2025-11-10T16:49:36+00:00;-12.0;
2025-11-10T17:06:29+00:00;-9.5;
2025-11-10T17:07:40+00:00;-9.0;
2025-11-10T17:20:27+00:00;-13.0;
2025-11-10T17:36:37+00:00;-12.5;
2025-11-10T17:55:05+00:00;-12.5;
2025-11-10T17:55:06+00:00;9.7;
2025-11-10T17:59:58+00:00;-9.7;
2025-11-10T18:09:12+00:00;-9.7;
2025-11-10T18:16:44+00:00;-7.7;
2025-11-10T18:23:10+00:00;-7.7;
2025-11-10T18:23:11+00:00;-0.2;
2025-11-10T18:30:32+00:00;1.3;
2025-11-10T18:39:13+00:00;-11.5;
2025-11-10T19:08:13+00:00;-12.0;
2025-11-10T19:14:43+00:00;-10.5;
2025-11-10T19:20:35+00:00;-8.5;
2025-11-10T19:29:11+00:00;-6.5;
2025-11-10T19:34:35+00:00;-1.5;
2025-11-10T19:44:48+00:00;-2.0;
2025-11-10T20:00:23+00:00;-4.5;
2025-11-10T20:18:19+00:00;-4.0;
2025-11-10T20:27:30+00:00;-2.5;
2025-11-10T20:39:58+00:00;0.0;
2025-11-10T20:51:18+00:00;1.5;
2025-11-10T21:19:37+00:00;1.5;
2025-11-10T21:26:08+00:00;0.0;
2025-11-10T21:29:49+00:00;-1.0;
2025-11-10T21:40:48+00:00;-3.0;
2025-11-10T22:10:56+00:00;-3.0;
2025-11-10T22:43:45+00:00;-1.0;
2025-11-10T23:00:38+00:00;-2.0;
2025-11-10T23:07:38+00:00;-1.0;
2025-11-10T23:16:13+00:00;1.5;
2025-11-10T23:18:55+00:00;2.5;
2025-11-11T00:25:48+00:00;1.5;
2025-11-11T00:30:58+00:00;0.5;
2025-11-11T00:46:38+00:00;-2.0;
2025-11-11T00:59:06+00:00;-3.5;
2025-11-11T01:54:55+00:00;-4.0;
2025-11-11T02:15:32+00:00;-5.0;
2025-11-11T02:59:44+00:00;-6.0;
2025-11-11T03:19:12+00:00;-8.0;
2025-11-11T03:33:47+00:00;-9.5;
2025-11-11T04:04:12+00:00;-14.5;
2025-11-11T04:10:52+00:00;-13.5;
2025-11-11T04:20:29+00:00;-10.0;
2025-11-11T04:22:50+00:00;-10.5;
2025-11-11T04:29:09+00:00;-12.5;
2025-11-11T04:35:24+00:00;-14.5;
2025-11-11T04:43:28+00:00;-14.5;
2025-11-11T04:43:29+00:00;-0.5;
2025-11-11T04:52:41+00:00;-1.2;
2025-11-11T04:58:56+00:00;-11.7;
2025-11-11T05:20:04+00:00;-12.2;
2025-11-11T05:31:21+00:00;-10.2;
2025-11-11T05:36:19+00:00;-9.2;
2025-11-11T05:46:28+00:00;-6.7;
2025-11-11T05:53:16+00:00;-6.7;
2025-11-11T05:53:17+00:00;10.8;
2025-11-11T05:56:07+00:00;13.3;
2025-11-11T06:01:53+00:00;15.3;
2025-11-11T06:07:15+00:00;16.3;
2025-11-11T06:23:14+00:00;18.3;
2025-11-11T06:50:51+00:00;19.8;
2025-11-11T07:13:32+00:00;20.3;
2025-11-11T07:29:00+00:00;-4.0;
2025-11-11T07:42:49+00:00;-2.5;
2025-11-11T07:53:11+00:00;0.0;
2025-11-11T07:57:50+00:00;1.5;
2025-11-11T08:54:59+00:00;1.5;
2025-11-11T09:09:36+00:00;0.0;
2025-11-11T10:18:42+00:00;0.0;
2025-11-11T10:18:43+00:00;1.5;
2025-11-11T10:38:58+00:00;2.0;
2025-11-11T11:56:44+00:00;-7.5;
2025-11-11T12:04:27+00:00;-7.0;
2025-11-11T12:19:12+00:00;-7.0;
2025-11-11T12:19:13+00:00;15.0;
2025-11-11T12:27:23+00:00;16.5;
2025-11-11T12:46:52+00:00;18.5;
2025-11-11T12:57:09+00:00;20.0;
2025-11-11T13:17:09+00:00;21.5;
2025-11-11T13:30:28+00:00;22.0;
2025-11-11T14:06:26+00:00;-10.3;
2025-11-11T14:24:18+00:00;-7.3;
2025-11-11T14:31:30+00:00;-7.3;
2025-11-11T14:31:31+00:00;14.8;
2025-11-11T14:43:26+00:00;16.8;
2025-11-11T14:44:45+00:00;17.3;
2025-11-11T14:51:35+00:00;20.3;
2025-11-11T15:06:17+00:00;21.8;
2025-11-11T17:06:54+00:00;1.8;
2025-11-11T17:12:05+00:00;-11.0;
2025-11-11T17:28:10+00:00;-9.0;
2025-11-11T17:36:42+00:00;-9.0;
2025-11-11T17:36:43+00:00;14.4;
2025-11-11T17:50:58+00:00;-10.3;
2025-11-11T18:00:57+00:00;-9.3;
2025-11-11T18:07:37+00:00;-9.3;
2025-11-11T18:07:38+00:00;-3.3;
2025-11-11T18:12:14+00:00;1.7;
2025-11-11T18:25:38+00:00;0.2;
2025-11-11T18:34:54+00:00;-11.3;
2025-11-11T18:55:32+00:00;-12.8;
2025-11-11T19:10:02+00:00;-11.3;
2025-11-11T19:14:46+00:00;-10.8;
2025-11-11T19:21:00+00:00;-8.8;
2025-11-11T19:26:16+00:00;-7.3;
2025-11-11T19:34:33+00:00;-3.8;
2025-11-11T19:43:06+00:00;-3.8;
2025-11-11T19:49:49+00:00;-5.3;
2025-11-11T19:53:45+00:00;-6.3;
2025-11-11T19:58:32+00:00;-7.8;
2025-11-11T20:06:12+00:00;-9.8;
2025-11-11T20:15:09+00:00;-11.8;
2025-11-11T20:17:31+00:00;-12.3;
2025-11-11T20:28:18+00:00;-14.3;
2025-11-11T20:35:40+00:00;-14.3;
2025-11-11T20:35:41+00:00;-0.7;
2025-11-11T20:45:19+00:00;-15.2;
2025-11-11T20:54:32+00:00;-16.7;
2025-11-11T21:18:14+00:00;-16.2;
2025-11-11T21:28:53+00:00;-16.2;
2025-11-11T21:28:54+00:00;7.5;
2025-11-11T21:35:12+00:00;-16.5;
2025-11-11T21:52:38+00:00;-15.0;
2025-11-11T22:00:18+00:00;-13.0;
2025-11-11T22:07:21+00:00;-11.5;
2025-11-11T22:16:18+00:00;-10.0;
2025-11-11T22:24:39+00:00;-7.0;
2025-11-11T22:29:42+00:00;-7.0;
2025-11-11T22:29:43+00:00;7.5;
2025-11-11T22:34:35+00:00;7.5;
2025-11-11T22:34:36+00:00;14.0;
2025-11-11T22:38:56+00:00;15.5;
2025-11-11T22:51:36+00:00;18.0;
2025-11-11T22:59:41+00:00;19.0;
2025-11-11T23:38:11+00:00;20.5;
2025-11-11T23:51:44+00:00;21.0;
2025-11-12T04:04:48+00:00;-10.8;
2025-11-12T04:21:49+00:00;-10.8;
2025-11-12T04:21:50+00:00;-5.3;
2025-11-12T04:44:28+00:00;-4.3;
2025-11-12T05:00:30+00:00;-1.8;
2025-11-12T05:06:13+00:00;-0.8;
2025-11-12T05:11:51+00:00;0.7;
2025-11-12T06:52:46+00:00;1.2;
2025-11-12T07:07:57+00:00;1.2;
2025-11-12T07:07:58+00:00;15.8;
2025-11-12T07:23:20+00:00;18.3;
2025-11-12T07:40:53+00:00;19.8;
2025-11-12T08:38:19+00:00;21.3;
2025-11-12T08:45:40+00:00;2.0;
2025-11-12T10:33:10+00:00;2.0;
2025-11-12T10:33:11+00:00;12.0;
2025-11-12T10:39:27+00:00;15.5;
2025-11-12T11:00:21+00:00;17.0;
2025-11-12T11:11:41+00:00;19.0;
2025-11-12T11:22:32+00:00;20.5;
2025-11-12T11:52:14+00:00;21.5;
2025-11-12T12:34:09+00:00;2.2;
2025-11-12T13:49:35+00:00;-6.3;
2025-11-12T14:03:56+00:00;-11.3;
2025-11-12T14:11:31+00:00;-10.8;
2025-11-12T14:19:24+00:00;-8.3;
2025-11-12T14:24:07+00:00;-5.3;
2025-11-12T14:31:44+00:00;-5.3;
2025-11-12T14:31:45+00:00;14.2;
2025-11-12T14:46:25+00:00;16.2;
2025-11-12T14:56:45+00:00;17.7;
2025-11-12T15:09:48+00:00;19.7;
2025-11-12T16:14:20+00:00;21.2;
2025-11-12T16:45:16+00:00;-10.7;
2025-11-12T16:53:45+00:00;-10.7;
2025-11-12T17:05:54+00:00;-12.7;
2025-11-12T17:11:28+00:00;-13.7;
2025-11-12T17:29:34+00:00;-11.7;
2025-11-12T17:45:28+00:00;-11.7;
2025-11-12T17:45:29+00:00;9.9;
2025-11-12T17:51:34+00:00;-10.3;
2025-11-12T18:03:59+00:00;-10.3;
2025-11-12T18:12:22+00:00;-8.8;
2025-11-12T18:19:42+00:00;-6.8;
2025-11-12T18:30:07+00:00;-6.8;
2025-11-12T18:30:08+00:00;14.7;
2025-11-12T18:35:44+00:00;15.7;
2025-11-12T18:44:21+00:00;16.7;
2025-11-12T19:04:00+00:00;19.2;
2025-11-12T19:25:48+00:00;20.2;
2025-11-12T19:33:07+00:00;-10.7;
2025-11-12T19:55:37+00:00;-11.2;
2025-11-12T20:01:22+00:00;-10.2;
2025-11-12T20:08:41+00:00;-10.2;
2025-11-12T20:08:42+00:00;1.3;
2025-11-12T20:20:04+00:00;0.8;
2025-11-12T20:26:04+00:00;-1.2;
2025-11-12T20:35:22+00:00;-3.2;
2025-11-12T20:58:45+00:00;-3.7;
2025-11-12T21:06:32+00:00;-3.2;
2025-11-12T21:17:18+00:00;-1.7;
2025-11-12T21:29:30+00:00;0.3;
2025-11-12T21:35:14+00:00;1.8;
2025-11-12T23:42:53+00:00;1.8;
2025-11-12T23:42:54+00:00;3.3;
2025-11-12T23:52:48+00:00;3.3;
2025-11-12T23:52:49+00:00;16.3;
2025-11-13T00:21:49+00:00;18.8;
2025-11-13T00:58:03+00:00;20.3;
2025-11-13T01:28:16+00:00;1.8;
2025-11-13T01:58:56+00:00;-0.7;
2025-11-13T02:26:09+00:00;0.8;
2025-11-13T02:30:22+00:00;1.3;
2025-11-13T04:06:04+00:00;-11.2;
2025-11-13T04:21:42+00:00;-8.7;
2025-11-13T04:28:44+00:00;-8.7;
2025-11-13T04:28:45+00:00;-1.7;
2025-11-13T04:30:37+00:00;-0.7;
2025-11-13T04:38:45+00:00;1.3;
2025-11-13T05:12:04+00:00;1.3;
2025-11-13T05:12:05+00:00;15.3;
2025-11-13T05:20:13+00:00;16.3;
2025-11-13T05:36:49+00:00;17.8;
2025-11-13T05:57:53+00:00;19.8;
2025-11-13T06:28:12+00:00;20.8;
2025-11-13T09:20:57+00:00;20.8;
2025-11-13T09:20:58+00:00;22.8;
2025-11-13T09:28:39+00:00;-6.0;
2025-11-13T09:50:43+00:00;-6.0;
2025-11-13T10:01:43+00:00;-6.0;
2025-11-13T10:01:44+00:00;15.6;
2025-11-13T10:15:40+00:00;17.1;
2025-11-13T10:19:10+00:00;18.1;
2025-11-13T10:26:57+00:00;20.1;
2025-11-13T11:01:21+00:00;21.6;
2025-11-13T13:48:49+00:00;14.0;
2025-11-13T14:05:16+00:00;-11.0;
2025-11-13T14:10:46+00:00;-11.0;
2025-11-13T14:21:32+00:00;-8.5;
2025-11-13T14:29:00+00:00;-12.0;
2025-11-13T14:35:52+00:00;-11.0;
2025-11-13T14:41:09+00:00;-9.0;
2025-11-13T14:49:16+00:00;-9.0;
2025-11-13T14:49:17+00:00;11.0;
2025-11-13T14:53:29+00:00;15.0;
2025-11-13T15:08:13+00:00;17.0;
2025-11-13T15:13:42+00:00;18.0;
2025-11-13T15:27:55+00:00;20.5;
2025-11-13T15:41:48+00:00;2.8;
2025-11-13T16:33:26+00:00;-10.5;
2025-11-13T16:43:31+00:00;-9.5;
2025-11-13T16:53:30+00:00;-9.5;
2025-11-13T16:53:31+00:00;1.5;
2025-11-13T17:16:26+00:00;3.0;
2025-11-13T17:22:37+00:00;-11.2;
2025-11-13T17:37:43+00:00;-10.2;
2025-11-13T17:42:43+00:00;-8.2;
2025-11-13T17:54:44+00:00;-8.2;
2025-11-13T17:54:45+00:00;13.9;
2025-11-13T17:57:54+00:00;15.4;
2025-11-13T18:07:30+00:00;16.4;
2025-11-13T18:18:34+00:00;17.9;
2025-11-13T18:31:32+00:00;19.9;
2025-11-13T18:51:21+00:00;20.9;
2025-11-13T19:19:35+00:00;1.0;
2025-11-13T23:21:06+00:00;0.5;
2025-11-13T23:57:07+00:00;-1.0;
2025-11-14T00:09:34+00:00;-2.5;
2025-11-14T00:15:22+00:00;-4.0;
2025-11-14T00:27:30+00:00;-6.0;
2025-11-14T00:33:23+00:00;-8.0;
2025-11-14T00:35:00+00:00;-8.5;
2025-11-14T00:43:08+00:00;-10.5;
2025-11-14T00:47:11+00:00;-11.5;
2025-11-14T00:58:43+00:00;-14.0;
2025-11-14T01:03:26+00:00;-15.0;
2025-11-14T01:15:29+00:00;-16.5;
2025-11-14T01:33:25+00:00;-15.0;
2025-11-14T01:37:28+00:00;-15.0;
2025-11-14T01:37:29+00:00;-0.2;
2025-11-14T01:59:56+00:00;-16.5;
2025-11-14T02:25:16+00:00;-15.5;
2025-11-14T02:49:21+00:00;-15.5;
2025-11-14T02:49:22+00:00;11.5;
2025-11-14T02:56:18+00:00;-15.7;
2025-11-14T03:46:22+00:00;-16.2;
2025-11-14T03:55:02+00:00;-16.2;
2025-11-14T03:55:03+00:00;12.9;
2025-11-14T04:03:20+00:00;-12.2;
2025-11-14T04:08:32+00:00;-11.2;
2025-11-14T04:14:14+00:00;-9.2;
2025-11-14T04:19:21+00:00;-12.2;
2025-11-14T04:25:41+00:00;-13.7;
2025-11-14T04:39:42+00:00;-16.2;
2025-11-14T05:04:54+00:00;-16.2;
2025-11-14T05:04:55+00:00;-1.7;
2025-11-14T05:10:06+00:00;1.2;
2025-11-14T05:15:24+00:00;-16.0;
2025-11-14T05:35:50+00:00;-16.0;
2025-11-14T05:40:29+00:00;-16.0;
2025-11-14T05:40:30+00:00;-1.1;
2025-11-14T06:14:36+00:00;-7.4;
2025-11-14T06:30:59+00:00;-7.4;
2025-11-14T06:31:00+00:00;13.6;
2025-11-14T06:38:14+00:00;16.1;
2025-11-14T06:47:07+00:00;17.6;
2025-11-14T06:56:51+00:00;19.6;
2025-11-14T07:07:55+00:00;21.1;
2025-11-14T07:39:54+00:00;22.6;
2025-11-14T11:23:20+00:00;21.1;
2025-11-14T12:04:02+00:00;-10.4;
2025-11-14T12:09:53+00:00;-10.4;
2025-11-14T12:16:01+00:00;-8.9;
2025-11-14T12:23:06+00:00;-6.9;
2025-11-14T12:27:06+00:00;-5.9;
2025-11-14T12:34:14+00:00;-3.9;
2025-11-14T12:37:31+00:00;-2.9;
2025-11-14T12:41:30+00:00;-1.9;
2025-11-14T12:51:03+00:00;0.6;
2025-11-14T12:56:40+00:00;-10.2;
2025-11-14T13:25:08+00:00;-8.7;
2025-11-14T13:33:37+00:00;-8.7;
2025-11-14T13:33:38+00:00;9.3;
2025-11-14T13:41:11+00:00;14.3;
2025-11-14T13:46:53+00:00;15.8;
2025-11-14T13:53:12+00:00;17.8;
2025-11-14T14:03:41+00:00;-10.7;
2025-11-14T14:04:33+00:00;-11.7;
2025-11-14T14:23:04+00:00;-8.7;
2025-11-14T14:33:30+00:00;-8.7;
2025-11-14T14:33:31+00:00;12.8;
2025-11-14T14:36:33+00:00;13.8;
2025-11-14T14:44:30+00:00;17.8;
2025-11-14T14:59:27+00:00;19.3;
2025-11-14T15:41:49+00:00;20.3;
2025-11-14T16:07:51+00:00;0.7;
2025-11-14T16:19:28+00:00;-0.3;
2025-11-14T16:24:32+00:00;-2.3;
2025-11-14T16:29:11+00:00;-3.8;
2025-11-14T16:34:36+00:00;-5.3;
2025-11-14T16:41:19+00:00;-6.8;
2025-11-14T16:51:15+00:00;-8.3;
2025-11-14T16:57:04+00:00;-9.8;
2025-11-14T17:01:39+00:00;-10.8;
2025-11-14T17:12:10+00:00;-12.8;
2025-11-14T17:19:13+00:00;-14.3;
2025-11-14T17:31:47+00:00;-15.8;
2025-11-14T17:35:25+00:00;-12.3;
2025-11-14T17:51:54+00:00;-12.3;
2025-11-14T18:00:54+00:00;-12.3;
2025-11-14T18:00:55+00:00;4.0;
2025-11-14T18:07:35+00:00;-13.1;
2025-11-14T18:33:38+00:00;-12.1;
2025-11-14T18:44:51+00:00;-9.6;
2025-11-14T18:55:06+00:00;-7.6;
2025-11-14T18:59:55+00:00;-6.6;
2025-11-14T19:05:20+00:00;-11.6;
2025-11-14T19:14:00+00:00;-14.1;
2025-11-14T19:22:03+00:00;-14.1;
2025-11-14T19:22:04+00:00;-0.3;
2025-11-14T19:26:15+00:00;-0.6;
2025-11-14T19:31:41+00:00;-15.4;
2025-11-14T19:38:11+00:00;-16.9;
2025-11-14T20:24:28+00:00;-15.9;
2025-11-14T20:32:01+00:00;-15.9;
2025-11-14T20:32:02+00:00;6.9;
2025-11-14T20:37:27+00:00;-15.3;
2025-11-14T21:04:24+00:00;-16.3;
2025-11-14T21:37:18+00:00;-16.3;
2025-11-14T21:37:19+00:00;-0.7;
2025-11-14T21:46:20+00:00;-16.0;
2025-11-14T21:59:33+00:00;-14.5;
2025-11-14T22:12:38+00:00;-12.5;
2025-11-14T22:18:39+00:00;-11.5;
2025-11-14T22:28:34+00:00;-9.5;
2025-11-14T22:32:26+00:00;-8.5;
2025-11-14T22:41:50+00:00;-8.5;
2025-11-14T22:41:51+00:00;13.0;
2025-11-14T22:45:59+00:00;14.5;
2025-11-14T22:52:40+00:00;16.0;
2025-11-14T23:04:39+00:00;18.0;
2025-11-14T23:24:51+00:00;19.5;
2025-11-14T23:53:01+00:00;-4.8;
2025-11-15T00:16:02+00:00;-7.8;
2025-11-15T00:44:00+00:00;-7.3;
2025-11-15T01:04:58+00:00;-5.8;
2025-11-15T01:26:46+00:00;-3.3;
2025-11-15T01:59:12+00:00;-3.3;
2025-11-15T02:13:42+00:00;-4.3;
2025-11-15T02:32:18+00:00;-6.3;
2025-11-15T02:56:45+00:00;-7.3;
2025-11-15T03:19:37+00:00;-8.8;
2025-11-15T03:56:04+00:00;-10.8;
2025-11-15T04:04:16+00:00;-15.3;
2025-11-15T04:11:51+00:00;-13.8;
2025-11-15T04:19:43+00:00;-11.3;
2025-11-15T04:21:53+00:00;-10.3;
2025-11-15T04:28:01+00:00;-12.3;
2025-11-15T04:36:19+00:00;-14.3;
2025-11-15T04:44:32+00:00;-15.3;
2025-11-15T04:51:53+00:00;-15.3;
2025-11-15T04:51:54+00:00;-0.2;
2025-11-15T05:02:14+00:00;-12.4;
2025-11-15T05:05:20+00:00;-13.9;
2025-11-15T05:19:16+00:00;-16.4;
2025-11-15T05:22:13+00:00;-16.9;
2025-11-15T05:57:14+00:00;-14.9;
2025-11-15T06:07:30+00:00;-13.9;
2025-11-15T06:20:37+00:00;-13.9;
2025-11-15T06:20:38+00:00;7.6;
2025-11-15T06:25:37+00:00;-12.7;
2025-11-15T06:30:48+00:00;-12.2;
2025-11-15T06:48:55+00:00;-14.2;
2025-11-15T07:13:51+00:00;-12.7;
2025-11-15T07:26:26+00:00;-12.7;
2025-11-15T07:26:27+00:00;6.8;
2025-11-15T07:29:20+00:00;-11.9;
2025-11-15T07:38:28+00:00;-11.9;
2025-11-15T07:44:13+00:00;-9.9;
2025-11-15T07:51:16+00:00;-7.9;
2025-11-15T07:53:31+00:00;-7.4;
2025-11-15T08:00:06+00:00;-12.5;
2025-11-15T08:12:58+00:00;-15.0;
2025-11-15T08:26:03+00:00;-16.5;
2025-11-15T08:32:14+00:00;-16.0;
2025-11-15T08:52:21+00:00;-16.0;
2025-11-15T08:52:22+00:00;7.1;
2025-11-15T08:57:40+00:00;-14.9;
2025-11-15T09:13:40+00:00;-13.4;
2025-11-15T09:22:21+00:00;-11.9;
2025-11-15T09:33:03+00:00;-9.9;
2025-11-15T09:40:40+00:00;-7.9;
2025-11-15T09:42:17+00:00;-7.4;
2025-11-15T09:47:58+00:00;-5.9;
2025-11-15T09:54:37+00:00;-3.9;
2025-11-15T10:02:10+00:00;-2.4;
2025-11-15T10:04:33+00:00;-1.9;
2025-11-15T10:15:45+00:00;1.1;
2025-11-15T10:30:00+00:00;-10.5;
2025-11-15T10:47:33+00:00;-10.5;
2025-11-15T10:47:34+00:00;15.2;
2025-11-15T10:51:20+00:00;16.7;
2025-11-15T10:59:22+00:00;18.2;
2025-11-15T11:07:48+00:00;19.7;
2025-11-15T11:19:17+00:00;21.2;
2025-11-15T11:48:55+00:00;1.6;
2025-11-15T12:34:00+00:00;2.1;
2025-11-15T12:36:18+00:00;3.1;
2025-11-15T13:03:03+00:00;1.6;
2025-11-15T14:03:38+00:00;-13.9;
2025-11-15T14:12:49+00:00;-13.4;
2025-11-15T14:22:26+00:00;-11.9;
2025-11-15T14:24:44+00:00;-10.9;
2025-11-15T14:34:49+00:00;-6.9;
2025-11-15T14:44:05+00:00;-6.9;
2025-11-15T14:44:06+00:00;14.1;
2025-11-15T14:53:51+00:00;16.1;
2025-11-15T14:58:23+00:00;17.6;
2025-11-15T15:09:19+00:00;0.3;
2025-11-15T15:21:40+00:00;-0.2;
2025-11-15T15:26:25+00:00;-2.2;
2025-11-15T15:30:37+00:00;-3.7;
2025-11-15T15:36:10+00:00;-5.2;
2025-11-15T15:39:13+00:00;-6.2;
2025-11-15T15:51:34+00:00;-8.7;
2025-11-15T15:56:47+00:00;-10.2;
2025-11-15T16:02:04+00:00;-11.2;
2025-11-15T16:11:11+00:00;-13.2;
2025-11-15T16:23:11+00:00;-14.7;
2025-11-15T16:35:20+00:00;-14.2;
2025-11-15T16:54:19+00:00;-12.2;
2025-11-15T17:04:10+00:00;-10.7;
2025-11-15T17:13:42+00:00;-10.7;
2025-11-15T17:13:43+00:00;2.1;
2025-11-15T17:17:49+00:00;-9.1;
2025-11-15T17:30:56+00:00;-7.6;
2025-11-15T17:41:43+00:00;-5.1;
2025-11-15T17:44:35+00:00;-4.6;
2025-11-15T17:52:51+00:00;-2.6;
2025-11-15T17:59:15+00:00;-1.1;
2025-11-15T18:06:12+00:00;-0.1;
2025-11-15T19:00:05+00:00;-1.1;
2025-11-15T19:29:07+00:00;-1.6;
2025-11-15T19:35:22+00:00;-12.6;
2025-11-15T19:55:53+00:00;-13.1;
2025-11-15T20:07:06+00:00;-13.1;
2025-11-15T20:07:07+00:00;-3.1;
2025-11-15T20:22:54+00:00;-4.6;
2025-11-15T21:56:26+00:00;-4.1;
2025-11-15T22:47:24+00:00;-5.1;
2025-11-15T23:00:34+00:00;-7.1;
2025-11-15T23:02:55+00:00;-7.6;
2025-11-15T23:07:29+00:00;-9.1;
2025-11-15T23:15:40+00:00;-11.1;
2025-11-15T23:18:57+00:00;-12.1;
2025-11-15T23:24:25+00:00;-13.6;
2025-11-15T23:32:31+00:00;-15.6;
2025-11-15T23:37:38+00:00;-16.6;
2025-11-15T23:51:22+00:00;-16.6;
2025-11-15T23:51:23+00:00;6.4;
2025-11-15T23:54:21+00:00;-13.4;
2025-11-16T00:06:34+00:00;-16.9;
2025-11-16T00:37:15+00:00;-15.9;
2025-11-16T01:06:41+00:00;-15.9;
2025-11-16T01:06:42+00:00;8.6;
2025-11-16T01:11:24+00:00;-15.7;
2025-11-16T01:45:41+00:00;-15.2;
2025-11-16T01:53:52+00:00;-14.2;
2025-11-16T02:09:33+00:00;-11.7;
2025-11-16T02:17:53+00:00;-10.7;
2025-11-16T02:44:00+00:00;-8.7;
2025-11-16T02:54:02+00:00;-7.2;
2025-11-16T03:00:37+00:00;-5.7;
2025-11-16T03:09:25+00:00;-4.2;
2025-11-16T03:46:03+00:00;-4.2;
2025-11-16T04:02:55+00:00;-14.2;
2025-11-16T04:11:31+00:00;-14.2;
2025-11-16T04:19:25+00:00;-12.2;
2025-11-16T04:27:32+00:00;-9.7;
2025-11-16T04:35:04+00:00;-6.2;
2025-11-16T04:40:21+00:00;-6.2;
2025-11-16T04:44:54+00:00;-7.7;
2025-11-16T04:50:47+00:00;-9.2;
2025-11-16T04:56:19+00:00;-10.7;
2025-11-16T05:01:10+00:00;-12.2;
2025-11-16T05:08:16+00:00;-13.7;
2025-11-16T05:17:15+00:00;-15.2;
2025-11-16T05:28:46+00:00;-15.2;
2025-11-16T05:28:47+00:00;-0.7;
2025-11-16T05:32:16+00:00;-0.2;
2025-11-16T05:41:22+00:00;-14.7;
2025-11-16T05:55:07+00:00;-16.7;
2025-11-16T06:11:42+00:00;-16.2;
2025-11-16T06:20:30+00:00;-11.7;
2025-11-16T06:24:11+00:00;-10.7;
2025-11-16T06:42:13+00:00;-9.7;
2025-11-16T06:49:04+00:00;-8.2;
2025-11-16T07:05:58+00:00;-5.7;
2025-11-16T07:11:48+00:00;-4.7;
2025-11-16T07:18:11+00:00;-3.2;
2025-11-16T07:22:52+00:00;-1.7;
2025-11-16T07:32:50+00:00;-0.2;
2025-11-16T07:42:59+00:00;-12.2;
2025-11-16T08:22:55+00:00;-10.2;
2025-11-16T08:44:28+00:00;-10.2;
2025-11-16T08:44:29+00:00;0.8;
2025-11-16T08:52:28+00:00;-8.0;
2025-11-16T09:07:33+00:00;-8.0;
2025-11-16T09:07:34+00:00;0.0;
2025-11-16T10:30:58+00:00;-1.0;
2025-11-16T10:57:19+00:00;-3.0;
2025-11-16T11:15:42+00:00;-2.5;
2025-11-16T11:32:39+00:00;0.0;
2025-11-16T12:02:52+00:00;0.0;
2025-11-16T12:02:53+00:00;12.0;
2025-11-16T12:08:33+00:00;15.0;
2025-11-16T12:14:10+00:00;16.0;
2025-11-16T12:32:00+00:00;18.5;
2025-11-16T13:17:49+00:00;20.0;
2025-11-16T14:04:40+00:00;-13.3;
2025-11-16T14:16:35+00:00;-12.8;
2025-11-16T14:22:30+00:00;-10.8;
2025-11-16T14:30:28+00:00;-8.8;
2025-11-16T14:38:33+00:00;-8.8;
2025-11-16T14:38:34+00:00;-0.8;
2025-11-16T15:07:04+00:00;-0.8;
2025-11-16T15:07:05+00:00;14.7;
2025-11-16T15:13:55+00:00;-13.0;
2025-11-16T15:21:12+00:00;-14.5;
2025-11-16T15:27:57+00:00;-16.0;
2025-11-16T15:46:55+00:00;-14.5;
2025-11-16T15:57:01+00:00;-11.5;
2025-11-16T16:15:08+00:00;-11.5;
2025-11-16T16:15:09+00:00;5.0;
2025-11-16T16:19:11+00:00;-13.8;
2025-11-16T16:47:03+00:00;-13.8;
2025-11-16T17:01:15+00:00;-11.8;
2025-11-16T17:14:59+00:00;-11.3;
2025-11-16T17:28:43+00:00;-11.3;
2025-11-16T17:28:44+00:00;-0.2;
2025-11-16T17:35:07+00:00;-8.7;
2025-11-16T17:43:22+00:00;-12.2;
2025-11-16T18:07:32+00:00;-11.2;
2025-11-16T18:13:28+00:00;-9.2;
2025-11-16T18:19:20+00:00;-7.7;
2025-11-16T18:27:53+00:00;-7.7;
2025-11-16T18:27:54+00:00;-0.7;
2025-11-16T18:38:04+00:00;-10.5;
2025-11-16T19:10:23+00:00;-9.5;
2025-11-16T19:19:02+00:00;-9.5;
2025-11-16T19:19:03+00:00;-2.0;
2025-11-16T19:23:11+00:00;-0.5;
2025-11-16T19:33:26+00:00;-1.5;
2025-11-16T19:39:13+00:00;-3.5;
2025-11-16T19:45:25+00:00;-5.0;
2025-11-16T19:52:06+00:00;-7.0;
2025-11-16T19:54:58+00:00;-8.0;
2025-11-16T19:59:43+00:00;-9.0;
2025-11-16T20:05:34+00:00;-10.5;
2025-11-16T20:14:15+00:00;-12.5;
2025-11-16T20:21:31+00:00;-14.0;
2025-11-16T20:29:08+00:00;-15.5;
2025-11-16T20:39:57+00:00;-17.0;
2025-11-16T21:01:56+00:00;-17.0;
2025-11-16T21:01:57+00:00;-1.8;
2025-11-16T21:07:00+00:00;2.7;
2025-11-16T21:11:43+00:00;-14.9;
2025-11-16T21:29:11+00:00;-16.9;
2025-11-16T22:07:28+00:00;-16.9;
2025-11-16T22:07:29+00:00;-0.3;
2025-11-16T22:14:30+00:00;-14.6;
2025-11-16T22:30:04+00:00;-16.6;
2025-11-16T23:07:44+00:00;-16.1;
2025-11-16T23:12:23+00:00;-16.1;
2025-11-16T23:12:24+00:00;-0.5;
2025-11-16T23:21:33+00:00;-15.6;
2025-11-16T23:49:54+00:00;-16.1;
2025-11-17T00:23:22+00:00;-16.1;
2025-11-17T00:23:23+00:00;10.6;
2025-11-17T00:27:54+00:00;-15.2;
2025-11-17T00:41:34+00:00;-17.7;
2025-11-17T01:25:35+00:00;-16.2;
2025-11-17T01:34:19+00:00;-16.2;
2025-11-17T01:34:20+00:00;4.9;
2025-11-17T01:42:12+00:00;-16.0;
2025-11-17T01:56:48+00:00;-16.0;
2025-11-17T02:07:45+00:00;-12.0;
2025-11-17T02:14:32+00:00;-10.0;
2025-11-17T02:17:19+00:00;-9.0;
2025-11-17T02:27:29+00:00;-9.0;
2025-11-17T02:27:30+00:00;12.5;
2025-11-17T02:29:21+00:00;13.5;
2025-11-17T02:34:43+00:00;15.0;
2025-11-17T02:42:23+00:00;16.5;
2025-11-17T02:53:34+00:00;18.5;
2025-11-17T03:04:34+00:00;-17.0;
2025-11-17T04:10:25+00:00;-17.0;
2025-11-17T04:10:26+00:00;-11.8;
2025-11-17T04:15:26+00:00;-11.8;
2025-11-17T04:15:27+00:00;10.2;
2025-11-17T04:22:59+00:00;-15.3;
2025-11-17T05:20:01+00:00;-14.8;
2025-11-17T05:35:20+00:00;-14.8;
2025-11-17T05:35:21+00:00;9.2;
2025-11-17T05:40:13+00:00;-13.4;
2025-11-17T06:00:57+00:00;-12.4;
2025-11-17T06:10:30+00:00;-12.4;
2025-11-17T06:10:31+00:00;14.2;
2025-11-17T06:14:31+00:00;15.7;
2025-11-17T06:23:00+00:00;17.7;
2025-11-17T06:33:54+00:00;19.2;
2025-11-17T07:21:56+00:00;20.7;
2025-11-17T09:42:30+00:00;7.8;
2025-11-17T09:45:28+00:00;-8.9;
2025-11-17T09:49:17+00:00;-10.4;
2025-11-17T10:06:27+00:00;-12.9;
2025-11-17T10:22:46+00:00;-13.9;
2025-11-17T10:42:32+00:00;-12.9;
2025-11-17T10:51:38+00:00;-11.4;
2025-11-17T11:06:49+00:00;-9.4;
2025-11-17T11:20:42+00:00;-7.9;
2025-11-17T11:27:22+00:00;-6.4;
2025-11-17T11:28:37+00:00;-5.9;
2025-11-17T11:34:04+00:00;-3.9;
2025-11-17T11:41:20+00:00;-1.9;
2025-11-17T11:45:54+00:00;-0.4;
2025-11-17T11:59:57+00:00;0.6;
2025-11-17T13:18:37+00:00;-4.4;
2025-11-17T13:41:42+00:00;-2.9;
2025-11-17T14:05:47+00:00;-10.9;
2025-11-17T14:19:04+00:00;-8.9;
2025-11-17T14:24:08+00:00;-8.9;
2025-11-17T14:24:09+00:00;7.6;
2025-11-17T14:31:04+00:00;7.6;
2025-11-17T14:31:05+00:00;14.6;
2025-11-17T14:39:07+00:00;17.1;
2025-11-17T14:43:19+00:00;18.1;
2025-11-17T15:04:06+00:00;19.6;
2025-11-17T15:34:22+00:00;-0.4;
2025-11-17T15:58:19+00:00;-2.4;
2025-11-17T16:18:18+00:00;-0.9;
2025-11-17T17:20:21+00:00;-7.9;
2025-11-17T17:26:27+00:00;-12.9;
2025-11-17T17:42:29+00:00;-11.9;
2025-11-17T17:47:43+00:00;-13.4;
2025-11-17T17:59:48+00:00;-14.4;
2025-11-17T18:21:48+00:00;-14.4;
2025-11-17T18:21:49+00:00;-0.4;
2025-11-17T18:26:13+00:00;-0.4;
2025-11-17T18:26:14+00:00;8.6;
2025-11-17T18:54:57+00:00;-11.9;
2025-11-17T19:06:33+00:00;-9.9;
2025-11-17T19:16:25+00:00;-8.4;
2025-11-17T19:22:06+00:00;-8.4;
2025-11-17T19:22:07+00:00;-2.4;
2025-11-17T19:26:22+00:00;-2.4;
2025-11-17T19:33:14+00:00;-3.9;
2025-11-17T19:36:56+00:00;-4.9;
2025-11-17T19:41:30+00:00;-6.4;
2025-11-17T19:51:43+00:00;-8.9;
2025-11-17T19:55:27+00:00;-9.9;
2025-11-17T20:03:31+00:00;-11.9;
2025-11-17T20:10:00+00:00;-13.4;
2025-11-17T20:17:25+00:00;-14.9;
2025-11-17T20:23:07+00:00;-15.9;
2025-11-17T20:28:55+00:00;-16.9;
2025-11-17T21:00:55+00:00;-15.9;
2025-11-17T21:08:15+00:00;-15.9;
2025-11-17T21:08:16+00:00;-0.2;
2025-11-17T21:15:04+00:00;-14.6;
2025-11-17T21:35:03+00:00;-17.1;
2025-11-17T22:16:45+00:00;-16.6;
2025-11-17T22:22:14+00:00;-16.6;
2025-11-17T22:22:15+00:00;-0.2;
2025-11-17T22:29:09+00:00;-15.1;
2025-11-17T22:42:11+00:00;-17.6;
2025-11-17T23:35:52+00:00;-16.1;
2025-11-17T23:43:35+00:00;-16.1;
2025-11-17T23:43:36+00:00;8.5;
2025-11-17T23:50:59+00:00;-15.3;
2025-11-18T00:57:12+00:00;-16.3;
2025-11-18T01:08:35+00:00;-16.3;
2025-11-18T01:08:36+00:00;11.1;
2025-11-18T01:11:56+00:00;-14.6;
2025-11-18T01:26:38+00:00;-17.6;
2025-11-18T02:19:18+00:00;-16.6;
2025-11-18T02:24:24+00:00;-16.6;
2025-11-18T02:24:25+00:00;2.0;
2025-11-18T02:32:05+00:00;-16.0;
2025-11-18T03:43:58+00:00;-16.0;
2025-11-18T03:43:59+00:00;-0.9;
2025-11-18T03:53:22+00:00;-15.7;
2025-11-18T04:09:19+00:00;-11.2;
2025-11-18T04:16:14+00:00;-10.7;
2025-11-18T04:24:31+00:00;-16.7;
2025-11-18T04:50:39+00:00;-15.7;
2025-11-18T05:14:52+00:00;-15.7;
2025-11-18T05:14:53+00:00;-0.7;
2025-11-18T05:21:53+00:00;-14.4;
2025-11-18T05:41:20+00:00;-16.9;
2025-11-18T06:31:36+00:00;-16.9;
2025-11-18T06:31:37+00:00;-0.8;
2025-11-18T06:46:06+00:00;-10.8;
2025-11-18T06:51:01+00:00;-10.8;
2025-11-18T06:51:02+00:00;12.5;
2025-11-18T06:57:54+00:00;16.5;
2025-11-18T07:06:47+00:00;18.5;
2025-11-18T07:17:21+00:00;20.0;
2025-11-18T07:36:59+00:00;21.5;
2025-11-18T08:26:19+00:00;22.5;
2025-11-18T08:33:40+00:00;-9.2;
2025-11-18T08:39:06+00:00;-10.7;
2025-11-18T08:49:46+00:00;-12.7;
2025-11-18T08:59:30+00:00;-14.7;
2025-11-18T09:02:27+00:00;-15.2;
2025-11-18T09:17:12+00:00;-16.2;
2025-11-18T09:47:16+00:00;-16.2;
2025-11-18T09:47:17+00:00;10.9;
2025-11-18T09:51:18+00:00;-15.0;
2025-11-18T10:04:48+00:00;-14.5;
2025-11-18T10:26:16+00:00;-12.0;
2025-11-18T10:32:51+00:00;-11.0;
2025-11-18T10:41:03+00:00;-9.5;
2025-11-18T10:47:06+00:00;-8.0;
2025-11-18T10:52:24+00:00;-7.0;
2025-11-18T10:57:52+00:00;-5.5;
2025-11-18T11:02:10+00:00;-4.5;
2025-11-18T11:12:19+00:00;-2.0;
2025-11-18T11:17:13+00:00;-0.5;
2025-11-18T11:29:29+00:00;1.0;
2025-11-18T11:46:38+00:00;-2.0;
2025-11-18T12:03:05+00:00;-2.0;
2025-11-18T12:03:06+00:00;15.1;
2025-11-18T12:05:56+00:00;16.6;
2025-11-18T12:09:57+00:00;18.1;
2025-11-18T12:21:04+00:00;20.1;
2025-11-18T12:53:05+00:00;21.6;
2025-11-18T13:22:56+00:00;22.6;
2025-11-18T14:16:41+00:00;-9.4;
2025-11-18T14:30:18+00:00;-9.4;
2025-11-18T14:30:19+00:00;0.6;
2025-11-18T15:14:28+00:00;4.1;
2025-11-18T15:19:33+00:00;4.1;
2025-11-18T15:19:34+00:00;15.1;
2025-11-18T15:26:52+00:00;19.1;
2025-11-18T15:37:17+00:00;20.6;
2025-11-18T15:47:10+00:00;21.1;
2025-11-18T16:45:09+00:00;-13.8;
2025-11-18T17:07:56+00:00;-13.8;
2025-11-18T17:25:47+00:00;-12.3;
2025-11-18T17:32:16+00:00;-10.8;
2025-11-18T17:45:31+00:00;-12.8;
2025-11-18T18:00:44+00:00;-12.8;
2025-11-18T18:00:45+00:00;5.2;
2025-11-18T18:04:26+00:00;-12.0;
2025-11-18T18:31:02+00:00;-10.5;
2025-11-18T18:45:55+00:00;-10.5;
2025-11-18T18:45:56+00:00;-2.5;
2025-11-18T18:51:04+00:00;-3.0;
2025-11-18T18:57:43+00:00;-5.0;
2025-11-18T19:00:40+00:00;-6.0;
2025-11-18T19:07:21+00:00;-8.0;
2025-11-18T19:09:16+00:00;-8.5;
2025-11-18T19:16:10+00:00;-10.0;
2025-11-18T19:22:23+00:00;-11.5;
2025-11-18T19:31:26+00:00;-13.5;
2025-11-18T19:42:58+00:00;-15.5;
2025-11-18T19:50:46+00:00;-17.0;
2025-11-18T20:10:32+00:00;-15.5;
2025-11-18T20:35:31+00:00;-12.0;
2025-11-18T20:41:55+00:00;-12.0;
2025-11-18T20:41:56+00:00;7.4;
2025-11-18T20:45:47+00:00;-14.0;
2025-11-18T21:33:50+00:00;-15.5;
2025-11-18T22:07:53+00:00;-15.5;
2025-11-18T22:07:54+00:00;11.0;
2025-11-18T22:13:29+00:00;-14.5;
2025-11-18T23:09:58+00:00;-15.0;
2025-11-18T23:34:16+00:00;-15.0;
2025-11-18T23:34:17+00:00;-1.2;
2025-11-18T23:38:11+00:00;-1.2;
2025-11-18T23:38:12+00:00;10.8;
2025-11-18T23:56:54+00:00;-17.4;
2025-11-19T00:58:13+00:00;-15.9;
2025-11-19T01:04:11+00:00;-15.9;
2025-11-19T01:04:12+00:00;0.4;
2025-11-19T01:12:41+00:00;-15.5;
2025-11-19T01:26:47+00:00;-17.0;
2025-11-19T02:33:34+00:00;-17.0;
2025-11-19T02:33:35+00:00;6.8;
2025-11-19T02:38:51+00:00;-15.7;
2025-11-19T03:35:15+00:00;-15.7;
2025-11-19T03:50:23+00:00;-16.2;
2025-11-19T04:00:31+00:00;-16.2;
2025-11-19T04:00:32+00:00;8.5;
2025-11-19T04:06:34+00:00;-15.4;
2025-11-19T04:59:15+00:00;-15.9;
2025-11-19T05:26:28+00:00;-15.9;
2025-11-19T05:26:29+00:00;11.1;
2025-11-19T05:30:21+00:00;-14.5;
2025-11-19T05:46:32+00:00;-17.0;
2025-11-19T05:55:36+00:00;-17.0;
2025-11-19T05:55:37+00:00;12.5;
2025-11-19T06:00:15+00:00;14.5;
2025-11-19T06:08:52+00:00;16.5;
2025-11-19T06:16:50+00:00;18.0;
2025-11-19T06:32:15+00:00;19.5;
2025-11-19T07:33:08+00:00;21.0;
2025-11-19T07:55:31+00:00;21.5;
2025-11-19T08:07:07+00:00;-10.2;
2025-11-19T08:30:41+00:00;-8.7;
2025-11-19T08:47:18+00:00;-6.2;
2025-11-19T08:54:44+00:00;-5.2;
2025-11-19T09:08:32+00:00;-3.7;
2025-11-19T09:24:02+00:00;-4.2;
2025-11-19T09:55:04+00:00;-6.7;
2025-11-19T10:03:34+00:00;-8.2;
2025-11-19T10:07:46+00:00;-9.2;
2025-11-19T10:19:41+00:00;-11.2;
2025-11-19T11:12:02+00:00;-11.7;
2025-11-19T11:24:06+00:00;-11.7;
2025-11-19T11:24:07+00:00;5.0;
2025-11-19T11:27:37+00:00;-9.7;
2025-11-19T11:59:57+00:00;-9.2;
2025-11-19T12:13:28+00:00;-7.7;
2025-11-19T12:21:07+00:00;-6.2;
2025-11-19T12:29:19+00:00;-3.7;
2025-11-19T12:35:43+00:00;-2.2;
2025-11-19T12:39:08+00:00;-1.2;
2025-11-19T12:45:17+00:00;0.8;
2025-11-19T12:53:04+00:00;1.8;
2025-11-19T13:17:29+00:00;0.8;
2025-11-19T13:30:48+00:00;-1.2;
2025-11-19T13:39:26+00:00;0.8;
2025-11-19T14:03:35+00:00;-9.8;
2025-11-19T14:17:39+00:00;-9.8;
2025-11-19T14:31:51+00:00;-7.8;
2025-11-19T14:37:17+00:00;-7.8;
2025-11-19T14:37:18+00:00;-0.3;
2025-11-19T14:44:43+00:00;1.2;
2025-11-19T14:54:49+00:00;1.2;
2025-11-19T14:54:50+00:00;14.7;
2025-11-19T14:59:16+00:00;17.2;
2025-11-19T15:05:13+00:00;19.2;
2025-11-19T15:16:29+00:00;21.2;
2025-11-19T15:34:22+00:00;22.2;
2025-11-19T16:38:06+00:00;1.1;
2025-11-19T16:52:14+00:00;-0.4;
2025-11-19T16:56:28+00:00;-2.4;
2025-11-19T17:00:22+00:00;-3.9;
2025-11-19T17:06:30+00:00;-5.9;
2025-11-19T17:12:45+00:00;-7.4;
2025-11-19T17:16:41+00:00;-7.9;
2025-11-19T17:28:10+00:00;-10.4;
2025-11-19T17:35:49+00:00;-11.9;
2025-11-19T17:41:25+00:00;-11.4;
2025-11-19T17:47:20+00:00;-12.4;
2025-11-19T18:06:25+00:00;-12.4;
2025-11-19T18:29:25+00:00;-10.4;
2025-11-19T18:34:37+00:00;-8.9;
2025-11-19T18:42:01+00:00;-8.9;
2025-11-19T18:42:02+00:00;6.1;
2025-11-19T18:47:04+00:00;-11.6;
2025-11-19T18:51:55+00:00;-14.6;
2025-11-19T19:00:25+00:00;-14.6;
2025-11-19T19:05:43+00:00;-16.6;
2025-11-19T19:07:46+00:00;-17.1;
2025-11-19T19:49:05+00:00;-15.6;
2025-11-19T20:01:57+00:00;-15.6;
2025-11-19T20:01:58+00:00;4.3;
2025-11-19T20:04:03+00:00;-13.7;
2025-11-19T20:36:13+00:00;-16.2;
2025-11-19T21:12:45+00:00;-16.2;
2025-11-19T21:12:46+00:00;1.0;
2025-11-19T21:18:38+00:00;-14.8;
2025-11-19T21:34:12+00:00;-16.8;
2025-11-19T22:05:23+00:00;-15.8;
2025-11-19T22:10:46+00:00;-13.3;
2025-11-19T22:16:48+00:00;-14.3;
2025-11-19T22:24:10+00:00;-16.8;
2025-11-19T22:27:22+00:00;-16.8;
2025-11-19T22:27:23+00:00;-0.8;
2025-11-19T22:35:29+00:00;-17.2;
2025-11-19T23:32:05+00:00;-16.7;
2025-11-19T23:38:50+00:00;-16.7;
2025-11-19T23:38:51+00:00;2.4;
2025-11-19T23:45:34+00:00;-16.4;
2025-11-19T23:59:20+00:00;-16.9;
2025-11-20T00:57:12+00:00;-16.9;
2025-11-20T00:57:13+00:00;-0.7;
2025-11-20T01:06:14+00:00;-15.9;
2025-11-20T01:22:27+00:00;-16.9;
2025-11-20T02:14:28+00:00;-16.9;
2025-11-20T02:14:29+00:00;-0.7;
2025-11-20T02:23:21+00:00;-15.9;
2025-11-20T02:40:18+00:00;-16.9;
2025-11-20T03:26:06+00:00;-16.9;
2025-11-20T03:30:34+00:00;-16.9;
2025-11-20T03:30:35+00:00;-0.5;
2025-11-20T03:57:54+00:00;-17.0;
2025-11-20T04:24:49+00:00;-14.5;
2025-11-20T04:30:40+00:00;-13.5;
2025-11-20T04:38:37+00:00;-11.5;
2025-11-20T04:49:32+00:00;-9.5;
2025-11-20T04:53:16+00:00;-8.5;
2025-11-20T05:01:09+00:00;-12.0;
2025-11-20T05:11:50+00:00;-13.5;
2025-11-20T05:17:22+00:00;-13.5;
2025-11-20T05:17:23+00:00;-0.8;
2025-11-20T05:28:09+00:00;-14.2;
2025-11-20T05:36:44+00:00;-13.7;
2025-11-20T05:49:50+00:00;-12.2;
2025-11-20T06:01:44+00:00;-9.7;
2025-11-20T06:06:14+00:00;-8.7;
2025-11-20T06:16:48+00:00;-8.7;
2025-11-20T06:16:49+00:00;12.8;
2025-11-20T06:19:52+00:00;14.3;
2025-11-20T06:29:20+00:00;16.3;
2025-11-20T06:35:25+00:00;17.3;
2025-11-20T06:52:42+00:00;19.3;
2025-11-20T07:14:46+00:00;20.3;
2025-11-20T08:59:32+00:00;-5.4;
2025-11-20T09:06:54+00:00;-7.9;
2025-11-20T09:11:23+00:00;-8.4;
2025-11-20T09:17:40+00:00;-9.9;
2025-11-20T09:24:12+00:00;-10.9;
2025-11-20T09:40:13+00:00;-12.9;
2025-11-20T09:59:48+00:00;-14.9;
2025-11-20T10:26:07+00:00;-13.4;
2025-11-20T10:40:34+00:00;-13.4;
2025-11-20T10:40:35+00:00;-0.4;
2025-11-20T10:49:41+00:00;-11.8;
2025-11-20T11:08:26+00:00;-11.8;
2025-11-20T11:26:13+00:00;-10.3;
2025-11-20T11:40:35+00:00;-8.8;
2025-11-20T12:00:51+00:00;-7.3;
2025-11-20T12:57:40+00:00;-5.8;
2025-11-20T13:08:10+00:00;-4.8;
2025-11-20T13:26:09+00:00;-2.8;
2025-11-20T13:37:37+00:00;-1.8;
2025-11-20T13:52:58+00:00;0.7;
2025-11-20T14:03:30+00:00;-11.6;
2025-11-20T14:05:29+00:00;-12.1;
2025-11-20T14:31:31+00:00;-10.1;
2025-11-20T14:40:30+00:00;-8.1;
2025-11-20T14:44:37+00:00;-8.1;
2025-11-20T14:44:38+00:00;-1.6;
2025-11-20T14:51:15+00:00;0.4;
2025-11-20T15:30:19+00:00;0.9;
2025-11-20T15:50:43+00:00;0.9;
2025-11-20T15:50:44+00:00;15.9;
2025-11-20T15:55:56+00:00;17.9;
2025-11-20T16:00:05+00:00;18.9;
2025-11-20T16:10:43+00:00;20.9;
2025-11-20T16:35:58+00:00;20.3;
2025-11-20T16:47:15+00:00;-12.6;
2025-11-20T17:15:36+00:00;-14.1;
2025-11-20T17:23:42+00:00;-13.1;
2025-11-20T17:48:56+00:00;-11.1;
2025-11-20T17:56:45+00:00;-11.1;
2025-11-20T17:56:46+00:00;9.7;
2025-11-20T18:02:28+00:00;-9.7;
2025-11-20T18:13:35+00:00;-9.7;
2025-11-20T18:13:36+00:00;-0.7;
2025-11-20T18:27:20+00:00;-0.7;
2025-11-20T18:31:04+00:00;-2.2;
2025-11-20T18:35:53+00:00;-3.7;
2025-11-20T18:41:14+00:00;-5.2;
2025-11-20T18:46:05+00:00;-6.2;
2025-11-20T18:50:21+00:00;-7.7;
2025-11-20T18:57:03+00:00;-9.2;
2025-11-20T19:03:13+00:00;-10.7;
2025-11-20T19:09:58+00:00;-12.2;
2025-11-20T19:22:40+00:00;-14.2;
2025-11-20T19:31:22+00:00;-12.2;
2025-11-20T19:51:13+00:00;-11.7;
2025-11-20T20:05:07+00:00;-14.7;
2025-11-20T20:12:20+00:00;-14.7;
2025-11-20T20:12:21+00:00;-0.3;
2025-11-20T20:19:09+00:00;-13.7;
2025-11-20T20:26:57+00:00;-16.7;
2025-11-20T21:04:13+00:00;-15.2;
2025-11-20T21:32:24+00:00;-15.2;
2025-11-20T21:32:25+00:00;-0.4;
2025-11-20T21:40:59+00:00;-14.9;
2025-11-20T22:01:18+00:00;-16.9;
2025-11-20T22:40:26+00:00;-16.4;
2025-11-20T22:48:20+00:00;-16.4;
2025-11-20T22:48:21+00:00;-0.2;
2025-11-20T22:55:53+00:00;-16.3;
2025-11-20T23:59:31+00:00;-16.3;
2025-11-21T00:09:38+00:00;-16.3;
2025-11-21T00:09:39+00:00;1.5;
2025-11-21T00:13:19+00:00;-16.2;
2025-11-21T00:42:29+00:00;-15.7;
2025-11-21T00:51:16+00:00;-14.2;
2025-11-21T01:02:20+00:00;-12.2;
2025-11-21T01:06:07+00:00;-11.2;
2025-11-21T01:22:49+00:00;-8.7;
2025-11-21T01:25:54+00:00;-8.2;
2025-11-21T01:30:30+00:00;-7.2;
2025-11-21T01:35:41+00:00;-5.7;
2025-11-21T01:41:42+00:00;-3.7;
2025-11-21T01:50:42+00:00;-1.7;
2025-11-21T02:07:21+00:00;-0.2;
2025-11-21T02:28:18+00:00;-0.7;
2025-11-21T02:38:37+00:00;-2.2;
2025-11-21T02:50:49+00:00;-3.7;
2025-11-21T03:01:58+00:00;-5.2;
2025-11-21T03:06:24+00:00;-6.2;
2025-11-21T03:26:11+00:00;-8.7;
2025-11-21T04:00:36+00:00;-10.2;
2025-11-21T04:01:39+00:00;-12.2;
2025-11-21T04:20:55+00:00;-9.7;
2025-11-21T04:26:36+00:00;-10.2;
2025-11-21T04:31:52+00:00;-11.7;
2025-11-21T04:39:30+00:00;-13.2;
2025-11-21T04:58:38+00:00;-13.2;
2025-11-21T05:04:36+00:00;-13.2;
2025-11-21T05:04:37+00:00;-0.4;
2025-11-21T05:16:13+00:00;-12.1;
2025-11-21T05:44:11+00:00;-10.6;
2025-11-21T05:56:51+00:00;-8.1;
2025-11-21T06:01:05+00:00;-7.1;
2025-11-21T06:04:43+00:00;-6.1;
2025-11-21T06:08:03+00:00;-5.1;
2025-11-21T06:15:31+00:00;-3.1;
2025-11-21T06:21:54+00:00;-1.1;
2025-11-21T06:35:18+00:00;-1.1;
2025-11-21T06:35:19+00:00;14.4;
2025-11-21T06:38:18+00:00;15.4;
2025-11-21T06:47:23+00:00;16.9;
2025-11-21T07:00:13+00:00;18.9;
2025-11-21T07:06:38+00:00;19.4;
2025-11-21T07:33:48+00:00;20.4;
Fri Nov 21 2025 08:48:49 GMT+0100 (Central European Standard Time);20.4;
