timestamp;[Current com­pressor fre­quency][Hz][41778];
2025-11-09T23:03:40+00:00;21;
2025-11-09T23:04:58+00:00;22;
2025-11-09T23:09:39+00:00;27;
2025-11-09T23:13:39+00:00;31;
2025-11-09T23:19:38+00:00;31;
2025-11-09T23:19:39+00:00;37;
2025-11-09T23:22:39+00:00;40;
2025-11-09T23:27:39+00:00;45;
2025-11-09T23:30:00+00:00;48;
2025-11-09T23:34:00+00:00;52;
2025-11-09T23:36:00+00:00;54;
2025-11-09T23:40:00+00:00;58;
2025-11-09T23:45:00+00:00;63;
2025-11-09T23:47:00+00:00;65;
2025-11-09T23:51:00+00:00;68;
2025-11-09T23:57:00+00:00;71;
2025-11-10T00:02:29+00:00;74;
2025-11-10T00:10:43+00:00;76;
2025-11-10T00:20:01+00:00;73;
2025-11-10T00:25:00+00:00;71;
2025-11-10T00:32:21+00:00;68;
2025-11-10T00:36:22+00:00;64;
2025-11-10T00:38:21+00:00;63;
2025-11-10T00:44:21+00:00;59;
2025-11-10T00:46:21+00:00;58;
2025-11-10T00:50:22+00:00;53;
2025-11-10T00:54:21+00:00;50;
2025-11-10T00:58:21+00:00;45;
2025-11-10T01:01:22+00:00;42;
2025-11-10T01:02:22+00:00;41;
2025-11-10T01:08:21+00:00;35;
2025-11-10T01:11:22+00:00;32;
2025-11-10T01:15:21+00:00;30;
2025-11-10T01:19:21+00:00;26;
2025-11-10T01:25:21+00:00;21;
2025-11-10T02:57:03+00:00;21;
2025-11-10T03:11:03+00:00;24;
2025-11-10T03:30:24+00:00;27;
2025-11-10T03:38:00+00:00;30;
2025-11-10T03:48:33+00:00;32;
2025-11-10T04:00:32+00:00;32;
2025-11-10T04:00:33+00:00;90;
2025-11-10T04:16:25+00:00;32;
2025-11-10T04:27:24+00:00;35;
2025-11-10T04:29:45+00:00;36;
2025-11-10T04:37:45+00:00;34;
2025-11-10T04:43:45+00:00;30;
2025-11-10T04:46:45+00:00;28;
2025-11-10T04:49:45+00:00;24;
2025-11-10T04:53:45+00:00;20;
2025-11-10T08:08:00+00:00;0;
2025-11-10T13:17:45+00:00;0;
2025-11-10T14:01:00+00:00;0;
2025-11-10T14:01:01+00:00;90;
2025-11-10T14:22:57+00:00;1;
2025-11-10T16:44:33+00:00;1;
2025-11-10T16:44:34+00:00;90;
2025-11-10T17:10:57+00:00;90;
2025-11-10T17:48:29+00:00;0;
2025-11-10T18:07:24+00:00;0;
2025-11-10T18:07:25+00:00;85;
2025-11-10T18:18:43+00:00;20;
2025-11-10T18:57:26+00:00;20;
2025-11-10T18:57:27+00:00;91;
2025-11-10T19:22:44+00:00;75;
2025-11-10T19:30:12+00:00;21;
2025-11-10T19:36:12+00:00;23;
2025-11-10T19:40:12+00:00;27;
2025-11-10T19:42:12+00:00;28;
2025-11-10T19:48:12+00:00;28;
2025-11-10T19:48:13+00:00;34;
2025-11-10T19:51:12+00:00;36;
2025-11-10T19:56:12+00:00;40;
2025-11-10T20:02:13+00:00;42;
2025-11-10T20:11:33+00:00;41;
2025-11-10T20:17:33+00:00;37;
2025-11-10T20:20:33+00:00;35;
2025-11-10T20:26:33+00:00;30;
2025-11-10T20:30:33+00:00;26;
2025-11-10T20:36:33+00:00;22;
2025-11-10T20:40:33+00:00;20;
2025-11-10T21:15:54+00:00;21;
2025-11-10T21:20:54+00:00;24;
2025-11-10T21:24:54+00:00;27;
2025-11-10T21:31:53+00:00;27;
2025-11-10T21:31:54+00:00;33;
2025-11-10T21:35:54+00:00;36;
2025-11-10T21:39:54+00:00;38;
2025-11-10T21:47:53+00:00;41;
2025-11-10T22:04:17+00:00;41;
2025-11-10T22:12:15+00:00;39;
2025-11-10T22:20:15+00:00;36;
2025-11-10T22:35:15+00:00;32;
2025-11-10T22:42:15+00:00;31;
2025-11-10T22:57:14+00:00;35;
2025-11-10T23:00:15+00:00;36;
2025-11-10T23:03:36+00:00;33;
2025-11-10T23:05:36+00:00;32;
2025-11-10T23:10:36+00:00;27;
2025-11-10T23:15:36+00:00;21;
2025-11-11T00:22:57+00:00;21;
2025-11-11T00:27:57+00:00;23;
2025-11-11T00:35:56+00:00;27;
2025-11-11T00:39:56+00:00;29;
2025-11-11T00:43:56+00:00;31;
2025-11-11T00:49:56+00:00;34;
2025-11-11T00:57:57+00:00;38;
2025-11-11T01:12:19+00:00;41;
2025-11-11T01:24:17+00:00;39;
2025-11-11T01:46:18+00:00;40;
2025-11-11T01:58:17+00:00;43;
2025-11-11T02:17:39+00:00;47;
2025-11-11T02:55:38+00:00;48;
2025-11-11T03:05:01+00:00;51;
2025-11-11T03:08:01+00:00;52;
2025-11-11T03:22:59+00:00;56;
2025-11-11T03:28:59+00:00;58;
2025-11-11T03:45:02+00:00;56;
2025-11-11T03:56:20+00:00;53;
2025-11-11T04:00:21+00:00;53;
2025-11-11T04:00:22+00:00;90;
2025-11-11T04:17:06+00:00;52;
2025-11-11T04:21:20+00:00;53;
2025-11-11T04:27:19+00:00;53;
2025-11-11T04:27:20+00:00;59;
2025-11-11T04:29:20+00:00;61;
2025-11-11T04:35:19+00:00;61;
2025-11-11T04:35:20+00:00;67;
2025-11-11T04:38:15+00:00;0;
2025-11-11T04:52:19+00:00;0;
2025-11-11T04:52:20+00:00;70;
2025-11-11T04:57:21+00:00;75;
2025-11-11T04:59:20+00:00;77;
2025-11-11T05:03:41+00:00;81;
2025-11-11T05:13:41+00:00;81;
2025-11-11T05:17:42+00:00;79;
2025-11-11T05:23:41+00:00;73;
2025-11-11T05:24:41+00:00;73;
2025-11-11T05:30:41+00:00;66;
2025-11-11T05:33:41+00:00;64;
2025-11-11T05:37:41+00:00;59;
2025-11-11T05:43:41+00:00;53;
2025-11-11T05:47:38+00:00;1;
2025-11-11T07:21:54+00:00;1;
2025-11-11T07:21:55+00:00;35;
2025-11-11T07:37:22+00:00;34;
2025-11-11T07:45:22+00:00;29;
2025-11-11T07:47:22+00:00;28;
2025-11-11T07:52:22+00:00;24;
2025-11-11T07:56:22+00:00;22;
2025-11-11T08:56:44+00:00;21;
2025-11-11T09:08:05+00:00;24;
2025-11-11T09:52:04+00:00;24;
2025-11-11T10:15:26+00:00;20;
2025-11-11T12:07:12+00:00;1;
2025-11-11T14:04:59+00:00;1;
2025-11-11T14:05:00+00:00;91;
2025-11-11T14:26:43+00:00;0;
2025-11-11T17:31:42+00:00;0;
2025-11-11T17:46:31+00:00;0;
2025-11-11T17:46:32+00:00;90;
2025-11-11T18:06:03+00:00;20;
2025-11-11T18:22:12+00:00;23;
2025-11-11T18:28:11+00:00;23;
2025-11-11T18:28:12+00:00;29;
2025-11-11T18:30:00+00:00;29;
2025-11-11T18:30:01+00:00;90;
2025-11-11T19:11:18+00:00;90;
2025-11-11T19:12:20+00:00;91;
2025-11-11T19:31:08+00:00;30;
2025-11-11T19:35:33+00:00;31;
2025-11-11T19:38:34+00:00;34;
2025-11-11T19:41:33+00:00;37;
2025-11-11T19:46:33+00:00;42;
2025-11-11T19:49:33+00:00;45;
2025-11-11T19:53:33+00:00;49;
2025-11-11T19:55:54+00:00;52;
2025-11-11T19:57:54+00:00;54;
2025-11-11T19:59:54+00:00;56;
2025-11-11T20:04:54+00:00;61;
2025-11-11T20:06:54+00:00;63;
2025-11-11T20:09:54+00:00;66;
2025-11-11T20:14:54+00:00;71;
2025-11-11T20:16:54+00:00;74;
2025-11-11T20:22:53+00:00;74;
2025-11-11T20:22:54+00:00;80;
2025-11-11T20:24:54+00:00;81;
2025-11-11T20:29:54+00:00;86;
2025-11-11T20:31:56+00:00;0;
2025-11-11T20:42:54+00:00;0;
2025-11-11T20:42:55+00:00;91;
2025-11-11T20:45:54+00:00;94;
2025-11-11T20:50:54+00:00;99;
2025-11-11T20:56:17+00:00;104;
2025-11-11T20:58:14+00:00;104;
2025-11-11T21:13:16+00:00;100;
2025-11-11T21:22:59+00:00;0;
2025-11-11T21:43:14+00:00;0;
2025-11-11T21:43:15+00:00;100;
2025-11-11T21:48:16+00:00;96;
2025-11-11T21:52:14+00:00;91;
2025-11-11T21:56:35+00:00;87;
2025-11-11T21:59:35+00:00;84;
2025-11-11T22:04:36+00:00;80;
2025-11-11T22:07:36+00:00;76;
2025-11-11T22:11:36+00:00;73;
2025-11-11T22:16:36+00:00;67;
2025-11-11T22:19:37+00:00;64;
2025-11-11T22:24:17+00:00;0;
2025-11-12T04:00:27+00:00;0;
2025-11-12T04:00:28+00:00;90;
2025-11-12T04:34:42+00:00;39;
2025-11-12T04:39:41+00:00;38;
2025-11-12T04:44:42+00:00;34;
2025-11-12T04:51:42+00:00;30;
2025-11-12T04:56:02+00:00;27;
2025-11-12T05:00:02+00:00;26;
2025-11-12T05:08:03+00:00;20;
2025-11-12T10:30:47+00:00;0;
2025-11-12T12:31:20+00:00;0;
2025-11-12T12:31:21+00:00;20;
2025-11-12T14:11:11+00:00;20;
2025-11-12T14:11:12+00:00;84;
2025-11-12T14:23:35+00:00;0;
2025-11-12T17:39:38+00:00;0;
2025-11-12T18:07:08+00:00;0;
2025-11-12T18:07:09+00:00;85;
2025-11-12T18:19:09+00:00;70;
2025-11-12T18:22:35+00:00;0;
2025-11-12T19:36:37+00:00;0;
2025-11-12T19:36:38+00:00;90;
2025-11-12T20:15:16+00:00;21;
2025-11-12T20:17:16+00:00;23;
2025-11-12T20:25:15+00:00;23;
2025-11-12T20:25:16+00:00;30;
2025-11-12T20:27:16+00:00;31;
2025-11-12T20:35:16+00:00;36;
2025-11-12T20:42:16+00:00;38;
2025-11-12T21:03:37+00:00;36;
2025-11-12T21:11:39+00:00;32;
2025-11-12T21:15:37+00:00;30;
2025-11-12T21:21:38+00:00;26;
2025-11-12T21:26:37+00:00;23;
2025-11-12T21:32:37+00:00;20;
2025-11-12T23:42:19+00:00;0;
2025-11-13T01:42:59+00:00;0;
2025-11-13T01:43:00+00:00;21;
2025-11-13T01:58:20+00:00;26;
2025-11-13T02:14:21+00:00;25;
2025-11-13T02:25:22+00:00;21;
2025-11-13T04:00:37+00:00;21;
2025-11-13T04:00:38+00:00;90;
2025-11-13T04:18:57+00:00;80;
2025-11-13T05:06:25+00:00;0;
2025-11-13T09:25:50+00:00;0;
2025-11-13T09:25:51+00:00;65;
2025-11-13T13:44:35+00:00;0;
2025-11-13T14:01:01+00:00;0;
2025-11-13T14:01:02+00:00;90;
2025-11-13T14:35:03+00:00;84;
2025-11-13T14:43:58+00:00;0;
2025-11-13T16:28:31+00:00;0;
2025-11-13T16:28:32+00:00;90;
2025-11-13T16:46:27+00:00;20;
2025-11-13T17:37:58+00:00;20;
2025-11-13T17:37:59+00:00;84;
2025-11-13T17:50:57+00:00;0;
2025-11-13T23:39:58+00:00;0;
2025-11-13T23:39:59+00:00;21;
2025-11-13T23:54:59+00:00;24;
2025-11-14T00:07:00+00:00;28;
2025-11-14T00:09:00+00:00;29;
2025-11-14T00:14:00+00:00;34;
2025-11-14T00:18:20+00:00;38;
2025-11-14T00:23:20+00:00;43;
2025-11-14T00:24:20+00:00;44;
2025-11-14T00:29:20+00:00;49;
2025-11-14T00:32:19+00:00;52;
2025-11-14T00:38:18+00:00;52;
2025-11-14T00:38:19+00:00;58;
2025-11-14T00:40:19+00:00;60;
2025-11-14T00:42:19+00:00;62;
2025-11-14T00:47:19+00:00;67;
2025-11-14T00:48:19+00:00;68;
2025-11-14T00:52:19+00:00;72;
2025-11-14T00:57:19+00:00;77;
2025-11-14T00:58:19+00:00;78;
2025-11-14T01:05:19+00:00;78;
2025-11-14T01:05:20+00:00;86;
2025-11-14T01:07:20+00:00;87;
2025-11-14T01:09:20+00:00;89;
2025-11-14T01:14:20+00:00;94;
2025-11-14T01:16:41+00:00;97;
2025-11-14T01:18:40+00:00;99;
2025-11-14T01:32:47+00:00;0;
2025-11-14T01:57:39+00:00;0;
2025-11-14T01:57:40+00:00;95;
2025-11-14T02:00:41+00:00;98;
2025-11-14T02:42:51+00:00;0;
2025-11-14T03:06:00+00:00;0;
2025-11-14T03:06:01+00:00;95;
2025-11-14T03:10:01+00:00;99;
2025-11-14T03:48:20+00:00;0;
2025-11-14T04:00:06+00:00;0;
2025-11-14T04:00:07+00:00;91;
2025-11-14T04:15:15+00:00;75;
2025-11-14T04:22:43+00:00;78;
2025-11-14T04:26:43+00:00;82;
2025-11-14T04:33:42+00:00;82;
2025-11-14T04:33:43+00:00;89;
2025-11-14T04:34:43+00:00;90;
2025-11-14T04:40:42+00:00;90;
2025-11-14T04:40:43+00:00;96;
2025-11-14T04:44:43+00:00;100;
2025-11-14T05:02:21+00:00;0;
2025-11-14T05:25:03+00:00;0;
2025-11-14T05:25:04+00:00;96;
2025-11-14T05:30:04+00:00;101;
2025-11-14T05:38:15+00:00;0;
2025-11-14T05:43:59+00:00;0;
2025-11-14T05:44:00+00:00;90;
2025-11-14T06:24:17+00:00;0;
2025-11-14T12:07:09+00:00;0;
2025-11-14T12:07:10+00:00;55;
2025-11-14T12:13:29+00:00;52;
2025-11-14T12:18:29+00:00;46;
2025-11-14T12:20:29+00:00;45;
2025-11-14T12:23:32+00:00;41;
2025-11-14T12:25:29+00:00;39;
2025-11-14T12:29:29+00:00;36;
2025-11-14T12:35:29+00:00;29;
2025-11-14T12:40:29+00:00;24;
2025-11-14T12:44:30+00:00;20;
2025-11-14T12:52:50+00:00;20;
2025-11-14T12:52:51+00:00;65;
2025-11-14T13:29:15+00:00;0;
2025-11-14T14:00:59+00:00;0;
2025-11-14T14:01:00+00:00;90;
2025-11-14T14:25:11+00:00;69;
2025-11-14T14:27:31+00:00;0;
2025-11-14T16:19:50+00:00;0;
2025-11-14T16:19:51+00:00;24;
2025-11-14T16:23:51+00:00;27;
2025-11-14T16:28:50+00:00;32;
2025-11-14T16:30:50+00:00;34;
2025-11-14T16:34:50+00:00;38;
2025-11-14T16:38:50+00:00;42;
2025-11-14T16:40:50+00:00;44;
2025-11-14T16:44:50+00:00;48;
2025-11-14T16:48:50+00:00;52;
2025-11-14T16:51:50+00:00;55;
2025-11-14T16:57:49+00:00;55;
2025-11-14T16:57:50+00:00;61;
2025-11-14T16:59:50+00:00;63;
2025-11-14T17:01:51+00:00;65;
2025-11-14T17:07:50+00:00;65;
2025-11-14T17:07:51+00:00;71;
2025-11-14T17:10:11+00:00;73;
2025-11-14T17:12:11+00:00;75;
2025-11-14T17:18:10+00:00;75;
2025-11-14T17:18:11+00:00;81;
2025-11-14T17:19:11+00:00;82;
2025-11-14T17:23:11+00:00;86;
2025-11-14T17:30:10+00:00;86;
2025-11-14T17:30:11+00:00;93;
2025-11-14T17:53:03+00:00;0;
2025-11-14T18:35:49+00:00;0;
2025-11-14T18:35:50+00:00;90;
2025-11-14T18:58:40+00:00;70;
2025-11-14T19:04:32+00:00;71;
2025-11-14T19:10:51+00:00;71;
2025-11-14T19:10:52+00:00;78;
2025-11-14T19:14:52+00:00;82;
2025-11-14T19:17:39+00:00;0;
2025-11-14T19:27:51+00:00;0;
2025-11-14T19:27:52+00:00;88;
2025-11-14T19:32:52+00:00;92;
2025-11-14T19:39:54+00:00;92;
2025-11-14T20:25:21+00:00;0;
2025-11-14T20:33:16+00:00;0;
2025-11-14T20:33:17+00:00;91;
2025-11-14T20:50:12+00:00;94;
2025-11-14T20:55:12+00:00;98;
2025-11-14T21:33:58+00:00;0;
2025-11-14T21:51:32+00:00;0;
2025-11-14T21:51:33+00:00;91;
2025-11-14T21:56:33+00:00;86;
2025-11-14T21:58:33+00:00;84;
2025-11-14T22:03:34+00:00;80;
2025-11-14T22:08:54+00:00;73;
2025-11-14T22:09:54+00:00;73;
2025-11-14T22:14:54+00:00;67;
2025-11-14T22:19:54+00:00;62;
2025-11-14T22:22:54+00:00;59;
2025-11-14T22:26:54+00:00;56;
2025-11-14T22:32:25+00:00;0;
2025-11-14T23:49:46+00:00;0;
2025-11-14T23:49:47+00:00;36;
2025-11-14T23:53:15+00:00;36;
2025-11-15T00:02:15+00:00;41;
2025-11-15T00:05:15+00:00;43;
2025-11-15T00:16:37+00:00;46;
2025-11-15T00:35:35+00:00;44;
2025-11-15T00:48:35+00:00;41;
2025-11-15T00:54:36+00:00;39;
2025-11-15T01:00:36+00:00;38;
2025-11-15T01:09:57+00:00;33;
2025-11-15T01:15:04+00:00;31;
2025-11-15T01:28:57+00:00;27;
2025-11-15T01:37:56+00:00;26;
2025-11-15T02:03:57+00:00;30;
2025-11-15T02:16:17+00:00;33;
2025-11-15T02:18:17+00:00;34;
2025-11-15T02:27:18+00:00;37;
2025-11-15T02:37:18+00:00;40;
2025-11-15T02:55:17+00:00;41;
2025-11-15T03:11:38+00:00;45;
2025-11-15T03:23:38+00:00;47;
2025-11-15T03:47:37+00:00;50;
2025-11-15T04:00:22+00:00;50;
2025-11-15T04:00:23+00:00;90;
2025-11-15T04:18:04+00:00;74;
2025-11-15T04:19:45+00:00;52;
2025-11-15T04:24:59+00:00;53;
2025-11-15T04:31:57+00:00;53;
2025-11-15T04:31:58+00:00;59;
2025-11-15T04:34:58+00:00;61;
2025-11-15T04:40:58+00:00;64;
2025-11-15T04:46:14+00:00;0;
2025-11-15T04:58:57+00:00;0;
2025-11-15T04:58:58+00:00;67;
2025-11-15T05:01:59+00:00;70;
2025-11-15T05:09:19+00:00;70;
2025-11-15T05:09:20+00:00;77;
2025-11-15T05:12:20+00:00;80;
2025-11-15T05:16:19+00:00;84;
2025-11-15T05:20:19+00:00;87;
2025-11-15T05:24:18+00:00;83;
2025-11-15T05:57:19+00:00;81;
2025-11-15T06:10:40+00:00;76;
2025-11-15T06:13:27+00:00;0;
2025-11-15T07:18:07+00:00;0;
2025-11-15T07:26:11+00:00;0;
2025-11-15T07:26:12+00:00;91;
2025-11-15T07:45:22+00:00;74;
2025-11-15T07:49:22+00:00;70;
2025-11-15T08:02:01+00:00;72;
2025-11-15T08:06:22+00:00;76;
2025-11-15T08:11:22+00:00;81;
2025-11-15T08:14:22+00:00;83;
2025-11-15T08:17:22+00:00;86;
2025-11-15T08:24:22+00:00;90;
2025-11-15T08:42:22+00:00;87;
2025-11-15T08:45:03+00:00;0;
2025-11-15T09:00:21+00:00;0;
2025-11-15T09:00:22+00:00;85;
2025-11-15T09:07:43+00:00;82;
2025-11-15T09:11:43+00:00;78;
2025-11-15T09:15:43+00:00;75;
2025-11-15T09:16:44+00:00;73;
2025-11-15T09:20:42+00:00;69;
2025-11-15T09:25:42+00:00;64;
2025-11-15T09:26:43+00:00;63;
2025-11-15T09:30:42+00:00;59;
2025-11-15T09:35:42+00:00;54;
2025-11-15T09:38:42+00:00;51;
2025-11-15T09:42:42+00:00;48;
2025-11-15T09:46:45+00:00;43;
2025-11-15T09:49:42+00:00;40;
2025-11-15T09:54:42+00:00;35;
2025-11-15T09:56:42+00:00;34;
2025-11-15T09:58:42+00:00;31;
2025-11-15T10:02:43+00:00;27;
2025-11-15T10:09:03+00:00;21;
2025-11-15T10:26:36+00:00;21;
2025-11-15T10:26:37+00:00;90;
2025-11-15T10:39:27+00:00;0;
2025-11-15T12:14:44+00:00;0;
2025-11-15T12:14:45+00:00;20;
2025-11-15T14:00:15+00:00;20;
2025-11-15T14:00:16+00:00;90;
2025-11-15T14:34:39+00:00;1;
2025-11-15T15:04:26+00:00;1;
2025-11-15T15:04:27+00:00;31;
2025-11-15T15:19:47+00:00;21;
2025-11-15T15:24:47+00:00;26;
2025-11-15T15:26:47+00:00;28;
2025-11-15T15:30:47+00:00;32;
2025-11-15T15:33:47+00:00;35;
2025-11-15T15:37:46+00:00;39;
2025-11-15T15:41:46+00:00;43;
2025-11-15T15:43:46+00:00;45;
2025-11-15T15:49:45+00:00;45;
2025-11-15T15:49:46+00:00;52;
2025-11-15T15:51:46+00:00;53;
2025-11-15T15:53:46+00:00;55;
2025-11-15T15:59:45+00:00;55;
2025-11-15T15:59:46+00:00;62;
2025-11-15T16:04:08+00:00;65;
2025-11-15T16:07:08+00:00;67;
2025-11-15T16:11:08+00:00;71;
2025-11-15T16:18:08+00:00;75;
2025-11-15T16:23:30+00:00;78;
2025-11-15T16:40:13+00:00;75;
2025-11-15T16:46:07+00:00;72;
2025-11-15T16:49:07+00:00;70;
2025-11-15T16:53:07+00:00;67;
2025-11-15T16:58:07+00:00;61;
2025-11-15T17:03:29+00:00;57;
2025-11-15T17:05:00+00:00;0;
2025-11-15T17:14:27+00:00;0;
2025-11-15T17:14:28+00:00;56;
2025-11-15T17:24:28+00:00;52;
2025-11-15T17:27:28+00:00;50;
2025-11-15T17:31:28+00:00;46;
2025-11-15T17:32:28+00:00;44;
2025-11-15T17:37:28+00:00;40;
2025-11-15T17:40:28+00:00;36;
2025-11-15T17:43:28+00:00;34;
2025-11-15T17:48:31+00:00;29;
2025-11-15T17:51:28+00:00;26;
2025-11-15T17:54:28+00:00;24;
2025-11-15T17:59:30+00:00;20;
2025-11-15T18:46:50+00:00;21;
2025-11-15T19:05:10+00:00;24;
2025-11-15T19:21:11+00:00;28;
2025-11-15T19:31:57+00:00;28;
2025-11-15T19:31:58+00:00;90;
2025-11-15T20:06:31+00:00;29;
2025-11-15T20:09:32+00:00;32;
2025-11-15T20:17:30+00:00;37;
2025-11-15T20:52:30+00:00;37;
2025-11-15T21:03:51+00:00;35;
2025-11-15T21:28:50+00:00;36;
2025-11-15T21:43:51+00:00;33;
2025-11-15T22:01:12+00:00;29;
2025-11-15T22:05:57+00:00;31;
2025-11-15T22:33:11+00:00;31;
2025-11-15T22:40:11+00:00;30;
2025-11-15T22:42:12+00:00;31;
2025-11-15T22:51:11+00:00;34;
2025-11-15T23:00:35+00:00;38;
2025-11-15T23:02:32+00:00;40;
2025-11-15T23:07:32+00:00;45;
2025-11-15T23:11:32+00:00;49;
2025-11-15T23:12:32+00:00;50;
2025-11-15T23:19:31+00:00;50;
2025-11-15T23:19:32+00:00;57;
2025-11-15T23:21:32+00:00;60;
2025-11-15T23:22:32+00:00;60;
2025-11-15T23:29:31+00:00;60;
2025-11-15T23:29:32+00:00;67;
2025-11-15T23:30:33+00:00;68;
2025-11-15T23:35:32+00:00;73;
2025-11-15T23:38:55+00:00;0;
2025-11-15T23:52:30+00:00;0;
2025-11-15T23:52:31+00:00;78;
2025-11-15T23:58:30+00:00;78;
2025-11-15T23:58:31+00:00;84;
2025-11-16T00:04:51+00:00;84;
2025-11-16T00:04:52+00:00;91;
2025-11-16T00:05:52+00:00;92;
2025-11-16T00:58:35+00:00;0;
2025-11-16T01:29:13+00:00;0;
2025-11-16T01:29:14+00:00;89;
2025-11-16T01:42:12+00:00;86;
2025-11-16T01:45:12+00:00;83;
2025-11-16T01:52:12+00:00;80;
2025-11-16T01:53:13+00:00;78;
2025-11-16T01:56:46+00:00;76;
2025-11-16T02:04:34+00:00;70;
2025-11-16T02:08:34+00:00;66;
2025-11-16T02:12:34+00:00;62;
2025-11-16T02:16:34+00:00;59;
2025-11-16T02:20:37+00:00;55;
2025-11-16T02:22:34+00:00;54;
2025-11-16T02:28:33+00:00;49;
2025-11-16T02:30:33+00:00;48;
2025-11-16T02:35:33+00:00;44;
2025-11-16T02:41:34+00:00;40;
2025-11-16T02:47:33+00:00;38;
2025-11-16T02:48:34+00:00;36;
2025-11-16T02:56:33+00:00;32;
2025-11-16T03:03:55+00:00;30;
2025-11-16T03:11:55+00:00;27;
2025-11-16T03:37:54+00:00;29;
2025-11-16T03:51:54+00:00;33;
2025-11-16T04:00:30+00:00;33;
2025-11-16T04:00:31+00:00;90;
2025-11-16T04:14:41+00:00;84;
2025-11-16T04:30:43+00:00;64;
2025-11-16T04:33:02+00:00;35;
2025-11-16T04:41:15+00:00;40;
2025-11-16T04:45:15+00:00;44;
2025-11-16T04:48:15+00:00;47;
2025-11-16T04:55:14+00:00;47;
2025-11-16T04:55:15+00:00;54;
2025-11-16T04:58:35+00:00;58;
2025-11-16T05:02:36+00:00;61;
2025-11-16T05:06:36+00:00;65;
2025-11-16T05:08:36+00:00;67;
2025-11-16T05:12:36+00:00;70;
2025-11-16T05:19:36+00:00;74;
2025-11-16T05:24:24+00:00;0;
2025-11-16T05:36:35+00:00;0;
2025-11-16T05:36:36+00:00;77;
2025-11-16T05:40:36+00:00;81;
2025-11-16T05:45:36+00:00;86;
2025-11-16T05:51:37+00:00;90;
2025-11-16T05:56:35+00:00;92;
2025-11-16T06:12:28+00:00;90;
2025-11-16T06:14:57+00:00;89;
2025-11-16T06:18:57+00:00;85;
2025-11-16T06:22:58+00:00;80;
2025-11-16T06:26:57+00:00;76;
2025-11-16T06:27:57+00:00;76;
2025-11-16T06:31:57+00:00;71;
2025-11-16T06:36:57+00:00;66;
2025-11-16T06:37:57+00:00;65;
2025-11-16T06:43:57+00:00;59;
2025-11-16T06:45:56+00:00;58;
2025-11-16T06:50:56+00:00;52;
2025-11-16T06:54:56+00:00;48;
2025-11-16T07:00:18+00:00;44;
2025-11-16T07:01:18+00:00;42;
2025-11-16T07:05:18+00:00;38;
2025-11-16T07:08:18+00:00;35;
2025-11-16T07:10:18+00:00;34;
2025-11-16T07:14:19+00:00;29;
2025-11-16T07:17:18+00:00;26;
2025-11-16T07:22:18+00:00;21;
2025-11-16T07:37:39+00:00;21;
2025-11-16T07:37:40+00:00;65;
2025-11-16T08:39:48+00:00;0;
2025-11-16T10:28:19+00:00;0;
2025-11-16T10:28:20+00:00;23;
2025-11-16T10:34:20+00:00;24;
2025-11-16T10:48:20+00:00;28;
2025-11-16T10:55:41+00:00;29;
2025-11-16T11:16:41+00:00;26;
2025-11-16T11:25:41+00:00;22;
2025-11-16T11:59:02+00:00;0;
2025-11-16T14:16:15+00:00;0;
2025-11-16T14:16:16+00:00;84;
2025-11-16T14:33:19+00:00;20;
2025-11-16T15:10:01+00:00;20;
2025-11-16T15:10:02+00:00;90;
2025-11-16T16:06:26+00:00;1;
2025-11-16T17:32:58+00:00;1;
2025-11-16T17:32:59+00:00;80;
2025-11-16T18:19:48+00:00;20;
2025-11-16T18:33:20+00:00;20;
2025-11-16T18:33:21+00:00;80;
2025-11-16T19:14:09+00:00;20;
2025-11-16T19:31:26+00:00;24;
2025-11-16T19:36:25+00:00;29;
2025-11-16T19:39:25+00:00;32;
2025-11-16T19:46:24+00:00;32;
2025-11-16T19:46:25+00:00;39;
2025-11-16T19:48:25+00:00;41;
2025-11-16T19:51:25+00:00;44;
2025-11-16T19:52:46+00:00;46;
2025-11-16T19:57:46+00:00;51;
2025-11-16T19:59:46+00:00;53;
2025-11-16T20:06:46+00:00;53;
2025-11-16T20:06:47+00:00;60;
2025-11-16T20:07:47+00:00;61;
2025-11-16T20:11:47+00:00;65;
2025-11-16T20:14:47+00:00;68;
2025-11-16T20:17:46+00:00;71;
2025-11-16T20:21:46+00:00;75;
2025-11-16T20:25:47+00:00;79;
2025-11-16T20:27:46+00:00;81;
2025-11-16T20:30:46+00:00;84;
2025-11-16T20:36:45+00:00;84;
2025-11-16T20:36:46+00:00;90;
2025-11-16T20:38:47+00:00;92;
2025-11-16T20:59:27+00:00;0;
2025-11-16T21:22:06+00:00;0;
2025-11-16T21:22:07+00:00;90;
2025-11-16T21:27:07+00:00;95;
2025-11-16T22:03:35+00:00;0;
2025-11-16T22:12:03+00:00;0;
2025-11-16T22:12:04+00:00;93;
2025-11-16T22:30:28+00:00;98;
2025-11-16T23:08:55+00:00;0;
2025-11-16T23:31:47+00:00;0;
2025-11-16T23:31:48+00:00;96;
2025-11-16T23:37:47+00:00;96;
2025-11-16T23:37:48+00:00;102;
2025-11-17T00:17:20+00:00;0;
2025-11-17T01:29:12+00:00;0;
2025-11-17T01:36:10+00:00;0;
2025-11-17T01:36:11+00:00;93;
2025-11-17T02:00:04+00:00;91;
2025-11-17T02:17:28+00:00;70;
2025-11-17T02:20:44+00:00;0;
2025-11-17T04:09:41+00:00;0;
2025-11-17T04:16:43+00:00;0;
2025-11-17T04:16:44+00:00;88;
2025-11-17T05:03:53+00:00;89;
2025-11-17T05:22:52+00:00;85;
2025-11-17T05:29:19+00:00;0;
2025-11-17T05:38:52+00:00;0;
2025-11-17T05:38:53+00:00;83;
2025-11-17T05:54:13+00:00;79;
2025-11-17T06:00:57+00:00;25;
2025-11-17T06:01:03+00:00;0;
2025-11-17T09:47:14+00:00;0;
2025-11-17T09:47:15+00:00;51;
2025-11-17T09:51:37+00:00;56;
2025-11-17T09:55:35+00:00;59;
2025-11-17T09:59:35+00:00;63;
2025-11-17T10:02:36+00:00;65;
2025-11-17T10:11:37+00:00;68;
2025-11-17T10:25:37+00:00;71;
2025-11-17T10:37:36+00:00;68;
2025-11-17T10:43:36+00:00;65;
2025-11-17T10:51:56+00:00;62;
2025-11-17T10:57:56+00:00;59;
2025-11-17T11:02:57+00:00;57;
2025-11-17T11:04:57+00:00;54;
2025-11-17T11:08:57+00:00;51;
2025-11-17T11:12:57+00:00;48;
2025-11-17T11:16:58+00:00;43;
2025-11-17T11:19:57+00:00;41;
2025-11-17T11:21:57+00:00;38;
2025-11-17T11:26:57+00:00;35;
2025-11-17T11:29:57+00:00;31;
2025-11-17T11:31:57+00:00;29;
2025-11-17T11:38:57+00:00;24;
2025-11-17T11:43:57+00:00;20;
2025-11-17T14:00:25+00:00;20;
2025-11-17T14:00:26+00:00;80;
2025-11-17T14:19:38+00:00;0;
2025-11-17T15:29:08+00:00;0;
2025-11-17T15:29:09+00:00;20;
2025-11-17T15:54:40+00:00;25;
2025-11-17T16:14:41+00:00;22;
2025-11-17T17:18:30+00:00;22;
2025-11-17T17:18:31+00:00;80;
2025-11-17T18:18:25+00:00;0;
2025-11-17T19:05:48+00:00;0;
2025-11-17T19:05:49+00:00;70;
2025-11-17T19:17:18+00:00;20;
2025-11-17T19:25:42+00:00;25;
2025-11-17T19:29:42+00:00;30;
2025-11-17T19:32:42+00:00;32;
2025-11-17T19:35:43+00:00;36;
2025-11-17T19:40:42+00:00;40;
2025-11-17T19:45:03+00:00;44;
2025-11-17T19:51:02+00:00;44;
2025-11-17T19:51:03+00:00;50;
2025-11-17T19:52:03+00:00;51;
2025-11-17T19:57:02+00:00;56;
2025-11-17T19:59:02+00:00;58;
2025-11-17T20:04:03+00:00;63;
2025-11-17T20:06:03+00:00;65;
2025-11-17T20:11:02+00:00;65;
2025-11-17T20:11:03+00:00;71;
2025-11-17T20:12:03+00:00;71;
2025-11-17T20:18:02+00:00;71;
2025-11-17T20:18:03+00:00;77;
2025-11-17T20:19:03+00:00;78;
2025-11-17T20:23:03+00:00;82;
2025-11-17T20:28:03+00:00;87;
2025-11-17T21:03:23+00:00;0;
2025-11-17T21:11:06+00:00;0;
2025-11-17T21:11:07+00:00;83;
2025-11-17T21:27:24+00:00;85;
2025-11-17T21:32:25+00:00;90;
2025-11-17T21:33:23+00:00;91;
2025-11-17T22:17:54+00:00;0;
2025-11-17T23:37:07+00:00;0;
2025-11-18T00:03:45+00:00;0;
2025-11-18T00:03:46+00:00;93;
2025-11-18T00:58:12+00:00;0;
2025-11-18T01:08:17+00:00;0;
2025-11-18T01:08:18+00:00;91;
2025-11-18T02:19:38+00:00;0;
2025-11-18T02:44:51+00:00;0;
2025-11-18T02:44:52+00:00;99;
2025-11-18T03:41:36+00:00;11;
2025-11-18T04:06:24+00:00;11;
2025-11-18T04:06:25+00:00;84;
2025-11-18T04:20:51+00:00;84;
2025-11-18T05:11:35+00:00;0;
2025-11-18T05:18:31+00:00;0;
2025-11-18T05:18:32+00:00;88;
2025-11-18T05:35:10+00:00;91;
2025-11-18T05:40:11+00:00;96;
2025-11-18T06:24:32+00:00;90;
2025-11-18T06:28:42+00:00;0;
2025-11-18T06:38:29+00:00;0;
2025-11-18T06:38:30+00:00;88;
2025-11-18T06:45:56+00:00;0;
2025-11-18T08:31:12+00:00;0;
2025-11-18T08:31:13+00:00;53;
2025-11-18T08:36:10+00:00;58;
2025-11-18T08:37:10+00:00;59;
2025-11-18T08:39:10+00:00;61;
2025-11-18T08:43:31+00:00;65;
2025-11-18T08:49:30+00:00;65;
2025-11-18T08:49:31+00:00;71;
2025-11-18T08:50:31+00:00;72;
2025-11-18T08:56:30+00:00;72;
2025-11-18T08:56:31+00:00;78;
2025-11-18T08:59:31+00:00;81;
2025-11-18T09:02:32+00:00;84;
2025-11-18T09:08:46+00:00;84;
2025-11-18T09:08:47+00:00;90;
2025-11-18T09:13:32+00:00;92;
2025-11-18T09:34:31+00:00;94;
2025-11-18T09:40:39+00:00;0;
2025-11-18T09:55:51+00:00;0;
2025-11-18T09:55:52+00:00;91;
2025-11-18T10:04:52+00:00;88;
2025-11-18T10:06:52+00:00;86;
2025-11-18T10:11:52+00:00;82;
2025-11-18T10:15:52+00:00;78;
2025-11-18T10:17:52+00:00;78;
2025-11-18T10:23:52+00:00;72;
2025-11-18T10:25:52+00:00;71;
2025-11-18T10:30:52+00:00;65;
2025-11-18T10:32:52+00:00;64;
2025-11-18T10:37:52+00:00;58;
2025-11-18T10:41:13+00:00;56;
2025-11-18T10:45:12+00:00;51;
2025-11-18T10:49:12+00:00;47;
2025-11-18T10:50:12+00:00;46;
2025-11-18T10:55:12+00:00;41;
2025-11-18T10:59:12+00:00;37;
2025-11-18T11:02:13+00:00;34;
2025-11-18T11:06:13+00:00;30;
2025-11-18T11:12:13+00:00;24;
2025-11-18T11:37:19+00:00;24;
2025-11-18T11:37:20+00:00;35;
2025-11-18T14:00:54+00:00;35;
2025-11-18T14:00:55+00:00;80;
2025-11-18T15:13:38+00:00;0;
2025-11-18T16:40:48+00:00;0;
2025-11-18T16:40:49+00:00;80;
2025-11-18T17:52:29+00:00;0;
2025-11-18T18:29:23+00:00;0;
2025-11-18T18:29:24+00:00;75;
2025-11-18T18:41:05+00:00;24;
2025-11-18T18:47:58+00:00;26;
2025-11-18T18:50:58+00:00;29;
2025-11-18T18:57:57+00:00;29;
2025-11-18T18:57:58+00:00;36;
2025-11-18T18:59:58+00:00;38;
2025-11-18T19:01:59+00:00;40;
2025-11-18T19:06:00+00:00;44;
2025-11-18T19:07:59+00:00;46;
2025-11-18T19:10:59+00:00;49;
2025-11-18T19:17:58+00:00;49;
2025-11-18T19:17:59+00:00;56;
2025-11-18T19:19:59+00:00;58;
2025-11-18T19:24:59+00:00;63;
2025-11-18T19:27:59+00:00;66;
2025-11-18T19:28:59+00:00;67;
2025-11-18T19:33:59+00:00;72;
2025-11-18T19:37:19+00:00;75;
2025-11-18T19:39:19+00:00;77;
2025-11-18T19:44:19+00:00;82;
2025-11-18T19:49:19+00:00;87;
2025-11-18T20:35:15+00:00;0;
2025-11-18T20:42:20+00:00;0;
2025-11-18T20:42:21+00:00;82;
2025-11-18T22:00:41+00:00;0;
2025-11-18T22:27:48+00:00;0;
2025-11-18T22:27:49+00:00;91;
2025-11-18T23:32:08+00:00;0;
2025-11-19T00:59:32+00:00;0;
2025-11-19T01:06:39+00:00;0;
2025-11-19T01:06:40+00:00;93;
2025-11-19T02:26:45+00:00;0;
2025-11-19T02:33:13+00:00;0;
2025-11-19T02:33:14+00:00;92;
2025-11-19T03:54:16+00:00;0;
2025-11-19T04:01:20+00:00;0;
2025-11-19T04:01:21+00:00;92;
2025-11-19T05:19:51+00:00;0;
2025-11-19T05:26:56+00:00;0;
2025-11-19T05:26:57+00:00;92;
2025-11-19T05:48:07+00:00;0;
2025-11-19T08:08:29+00:00;0;
2025-11-19T08:08:30+00:00;58;
2025-11-19T08:21:35+00:00;56;
2025-11-19T08:27:28+00:00;54;
2025-11-19T08:31:28+00:00;52;
2025-11-19T08:36:49+00:00;48;
2025-11-19T08:42:49+00:00;44;
2025-11-19T08:46:49+00:00;41;
2025-11-19T08:51:49+00:00;40;
2025-11-19T08:53:49+00:00;38;
2025-11-19T09:07:50+00:00;33;
2025-11-19T09:18:49+00:00;35;
2025-11-19T09:22:50+00:00;36;
2025-11-19T09:33:11+00:00;39;
2025-11-19T09:46:10+00:00;43;
2025-11-19T09:53:10+00:00;46;
2025-11-19T09:59:09+00:00;50;
2025-11-19T10:01:10+00:00;51;
2025-11-19T10:04:11+00:00;54;
2025-11-19T10:10:10+00:00;58;
2025-11-19T10:14:11+00:00;60;
2025-11-19T10:21:11+00:00;63;
2025-11-19T10:27:10+00:00;65;
2025-11-19T10:58:30+00:00;64;
2025-11-19T11:10:31+00:00;60;
2025-11-19T11:14:16+00:00;0;
2025-11-19T11:27:30+00:00;0;
2025-11-19T11:27:31+00:00;60;
2025-11-19T11:46:51+00:00;58;
2025-11-19T11:56:52+00:00;55;
2025-11-19T12:05:52+00:00;52;
2025-11-19T12:12:52+00:00;48;
2025-11-19T12:15:52+00:00;45;
2025-11-19T12:18:52+00:00;42;
2025-11-19T12:25:51+00:00;35;
2025-11-19T12:28:51+00:00;32;
2025-11-19T12:34:12+00:00;28;
2025-11-19T12:37:12+00:00;25;
2025-11-19T12:42:12+00:00;20;
2025-11-19T13:13:12+00:00;22;
2025-11-19T13:23:12+00:00;25;
2025-11-19T13:29:33+00:00;28;
2025-11-19T13:33:33+00:00;26;
2025-11-19T13:38:34+00:00;21;
2025-11-19T14:00:32+00:00;21;
2025-11-19T14:00:33+00:00;80;
2025-11-19T14:49:55+00:00;0;
2025-11-19T16:49:35+00:00;0;
2025-11-19T16:49:36+00:00;21;
2025-11-19T16:53:35+00:00;25;
2025-11-19T16:55:35+00:00;27;
2025-11-19T16:59:36+00:00;32;
2025-11-19T17:02:36+00:00;34;
2025-11-19T17:04:36+00:00;36;
2025-11-19T17:09:36+00:00;41;
2025-11-19T17:11:36+00:00;43;
2025-11-19T17:17:34+00:00;43;
2025-11-19T17:17:35+00:00;49;
2025-11-19T17:20:36+00:00;51;
2025-11-19T17:24:35+00:00;55;
2025-11-19T17:28:55+00:00;58;
2025-11-19T17:29:55+00:00;59;
2025-11-19T17:33:55+00:00;63;
2025-11-19T17:37:55+00:00;67;
2025-11-19T17:41:03+00:00;67;
2025-11-19T17:41:04+00:00;80;
2025-11-19T18:29:58+00:00;74;
2025-11-19T18:36:19+00:00;0;
2025-11-19T18:46:15+00:00;0;
2025-11-19T18:46:16+00:00;72;
2025-11-19T18:49:15+00:00;75;
2025-11-19T18:54:15+00:00;80;
2025-11-19T18:56:15+00:00;82;
2025-11-19T18:57:15+00:00;84;
2025-11-19T19:05:15+00:00;84;
2025-11-19T19:05:16+00:00;91;
2025-11-19T19:08:43+00:00;87;
2025-11-19T19:53:33+00:00;0;
2025-11-19T20:18:35+00:00;0;
2025-11-19T20:18:36+00:00;90;
2025-11-19T20:22:36+00:00;94;
2025-11-19T21:08:05+00:00;0;
2025-11-19T21:32:16+00:00;0;
2025-11-19T21:32:17+00:00;95;
2025-11-19T22:10:18+00:00;94;
2025-11-19T22:12:18+00:00;96;
2025-11-19T22:19:17+00:00;96;
2025-11-19T22:19:18+00:00;103;
2025-11-19T22:22:18+00:00;106;
2025-11-19T22:24:52+00:00;0;
2025-11-19T22:32:37+00:00;0;
2025-11-19T22:32:38+00:00;110;
2025-11-19T22:38:27+00:00;99;
2025-11-19T23:33:16+00:00;0;
2025-11-19T23:58:57+00:00;0;
2025-11-19T23:58:58+00:00;98;
2025-11-20T00:53:54+00:00;0;
2025-11-20T01:17:19+00:00;0;
2025-11-20T01:17:20+00:00;92;
2025-11-20T01:21:20+00:00;96;
2025-11-20T02:11:11+00:00;0;
2025-11-20T02:35:00+00:00;0;
2025-11-20T02:35:01+00:00;94;
2025-11-20T02:40:08+00:00;99;
2025-11-20T03:26:56+00:00;0;
2025-11-20T03:42:05+00:00;0;
2025-11-20T03:42:06+00:00;96;
2025-11-20T03:55:31+00:00;100;
2025-11-20T04:29:29+00:00;85;
2025-11-20T04:56:47+00:00;65;
2025-11-20T05:01:44+00:00;66;
2025-11-20T05:05:44+00:00;70;
2025-11-20T05:10:45+00:00;74;
2025-11-20T05:14:22+00:00;0;
2025-11-20T05:25:03+00:00;0;
2025-11-20T05:25:04+00:00;77;
2025-11-20T05:32:04+00:00;77;
2025-11-20T05:41:04+00:00;73;
2025-11-20T05:43:04+00:00;71;
2025-11-20T05:48:04+00:00;67;
2025-11-20T05:49:04+00:00;65;
2025-11-20T05:54:04+00:00;60;
2025-11-20T05:58:04+00:00;57;
2025-11-20T05:59:05+00:00;55;
2025-11-20T06:04:05+00:00;50;
2025-11-20T06:07:49+00:00;0;
2025-11-20T08:58:05+00:00;0;
2025-11-20T08:58:06+00:00;34;
2025-11-20T09:02:07+00:00;38;
2025-11-20T09:06:07+00:00;42;
2025-11-20T09:08:07+00:00;44;
2025-11-20T09:12:07+00:00;48;
2025-11-20T09:17:08+00:00;53;
2025-11-20T09:22:07+00:00;57;
2025-11-20T09:26:27+00:00;59;
2025-11-20T09:32:27+00:00;62;
2025-11-20T09:35:27+00:00;64;
2025-11-20T09:41:27+00:00;67;
2025-11-20T09:47:28+00:00;69;
2025-11-20T09:50:27+00:00;71;
2025-11-20T09:59:27+00:00;75;
2025-11-20T10:06:28+00:00;77;
2025-11-20T10:20:27+00:00;75;
2025-11-20T10:24:49+00:00;72;
2025-11-20T10:27:48+00:00;71;
2025-11-20T10:35:48+00:00;65;
2025-11-20T10:37:16+00:00;0;
2025-11-20T10:48:48+00:00;0;
2025-11-20T10:48:49+00:00;66;
2025-11-20T11:05:49+00:00;65;
2025-11-20T11:11:48+00:00;63;
2025-11-20T11:15:48+00:00;61;
2025-11-20T11:24:09+00:00;55;
2025-11-20T11:25:09+00:00;54;
2025-11-20T11:30:10+00:00;51;
2025-11-20T11:34:09+00:00;49;
2025-11-20T11:46:08+00:00;46;
2025-11-20T11:54:09+00:00;42;
2025-11-20T12:09:09+00:00;39;
2025-11-20T12:12:09+00:00;40;
2025-11-20T12:29:29+00:00;40;
2025-11-20T12:45:30+00:00;38;
2025-11-20T13:03:30+00:00;34;
2025-11-20T13:18:30+00:00;32;
2025-11-20T13:23:50+00:00;29;
2025-11-20T13:30:50+00:00;27;
2025-11-20T13:37:50+00:00;24;
2025-11-20T13:46:50+00:00;20;
2025-11-20T14:00:32+00:00;20;
2025-11-20T14:00:33+00:00;80;
2025-11-20T14:41:08+00:00;20;
2025-11-20T16:36:04+00:00;20;
2025-11-20T16:36:05+00:00;80;
2025-11-20T17:50:25+00:00;0;
2025-11-20T18:06:56+00:00;0;
2025-11-20T18:06:57+00:00;76;
2025-11-20T18:25:45+00:00;22;
2025-11-20T18:28:34+00:00;25;
2025-11-20T18:33:34+00:00;30;
2025-11-20T18:35:34+00:00;32;
2025-11-20T18:40:34+00:00;37;
2025-11-20T18:45:34+00:00;42;
2025-11-20T18:46:35+00:00;44;
2025-11-20T18:51:34+00:00;48;
2025-11-20T18:52:35+00:00;50;
2025-11-20T18:56:35+00:00;53;
2025-11-20T18:59:34+00:00;56;
2025-11-20T19:01:35+00:00;58;
2025-11-20T19:06:34+00:00;63;
2025-11-20T19:09:35+00:00;66;
2025-11-20T19:12:34+00:00;69;
2025-11-20T19:16:34+00:00;72;
2025-11-20T19:21:55+00:00;75;
2025-11-20T20:00:06+00:00;76;
2025-11-20T20:08:10+00:00;0;
2025-11-20T20:16:54+00:00;0;
2025-11-20T20:16:55+00:00;81;
2025-11-20T20:22:16+00:00;86;
2025-11-20T20:25:16+00:00;89;
2025-11-20T20:27:16+00:00;91;
2025-11-20T21:28:32+00:00;0;
2025-11-20T21:53:36+00:00;0;
2025-11-20T21:53:37+00:00;89;
2025-11-20T21:58:37+00:00;94;
2025-11-20T22:00:38+00:00;96;
2025-11-20T22:43:40+00:00;0;
2025-11-20T23:10:57+00:00;0;
2025-11-20T23:10:58+00:00;98;
2025-11-21T00:00:54+00:00;0;
2025-11-21T00:23:39+00:00;0;
2025-11-21T00:23:40+00:00;93;
2025-11-21T00:29:10+00:00;97;
2025-11-21T00:30:30+00:00;92;
2025-11-21T00:39:40+00:00;89;
2025-11-21T00:43:40+00:00;85;
2025-11-21T00:47:40+00:00;82;
2025-11-21T00:51:42+00:00;77;
2025-11-21T00:54:40+00:00;75;
2025-11-21T00:57:40+00:00;71;
2025-11-21T01:01:41+00:00;68;
2025-11-21T01:03:41+00:00;65;
2025-11-21T01:08:41+00:00;61;
2025-11-21T01:10:41+00:00;58;
2025-11-21T01:14:41+00:00;54;
2025-11-21T01:19:01+00:00;51;
2025-11-21T01:24:01+00:00;45;
2025-11-21T01:29:01+00:00;40;
2025-11-21T01:34:01+00:00;35;
2025-11-21T01:38:01+00:00;31;
2025-11-21T01:42:01+00:00;28;
2025-11-21T01:48:01+00:00;22;
2025-11-21T01:57:24+00:00;20;
2025-11-21T02:19:22+00:00;21;
2025-11-21T02:29:22+00:00;23;
2025-11-21T02:35:23+00:00;25;
2025-11-21T02:44:22+00:00;29;
2025-11-21T02:45:23+00:00;30;
2025-11-21T02:54:22+00:00;34;
2025-11-21T03:00:23+00:00;37;
2025-11-21T03:04:23+00:00;40;
2025-11-21T03:08:22+00:00;42;
2025-11-21T03:11:22+00:00;44;
2025-11-21T03:17:43+00:00;48;
2025-11-21T03:21:43+00:00;50;
2025-11-21T03:31:43+00:00;53;
2025-11-21T04:00:17+00:00;53;
2025-11-21T04:00:18+00:00;80;
2025-11-21T04:22:40+00:00;54;
2025-11-21T04:29:04+00:00;57;
2025-11-21T04:32:04+00:00;60;
2025-11-21T04:38:05+00:00;64;
2025-11-21T04:46:03+00:00;67;
2025-11-21T04:56:03+00:00;64;
2025-11-21T05:00:46+00:00;0;
2025-11-21T05:34:23+00:00;0;
2025-11-21T05:34:24+00:00;64;
2025-11-21T05:39:24+00:00;62;
2025-11-21T05:41:24+00:00;59;
2025-11-21T05:46:24+00:00;56;
2025-11-21T05:48:24+00:00;53;
2025-11-21T05:57:02+00:00;45;
2025-11-21T05:57:24+00:00;44;
2025-11-21T05:59:24+00:00;43;
2025-11-21T06:05:25+00:00;36;
2025-11-21T06:08:25+00:00;33;
2025-11-21T06:13:25+00:00;29;
2025-11-21T06:17:45+00:00;23;
2025-11-21T06:20:45+00:00;20;
2025-11-21T06:28:46+00:00;0;
Fri Nov 21 2025 08:48:32 GMT+0100 (Central European Standard Time);0;
